Token de Estudiante;Pregunta 01;Pregunta 02;Pregunta 03;Pregunta 04;Pregunta 05;Pregunta 06;Pregunta 07;Pregunta 08;Pregunta 09;Pregunta 10;Pregunta 11;Pregunta 12
2fda1bb7-41fc-472e-a2b7-df4728aac7e4;E;B;B;E;E;C;A;D;A;E;B;E
416c9965-074b-43c5-b4b9-3c6f610805d8;B;E;A;A;D;C;C;D;E;A;D;A
a4cd9820-d76d-4308-8416-df458e1e4cfe;-;E;-;D;-;A;D;C;D;D;B;D
52e65b47-e412-48ba-ad9b-5767bd14a712;D;-;-;D;D;B;E;A;A;B;B;A
ee008299-3df6-4365-81f1-f212517cd4db;B;E;D;B;D;A;B;D;B;-;E;B
66139373-b014-4a48-9d7d-8069cf910d55;-;-;C;E;E;A;A;C;D;E;C;E
cc6658db-f511-4f78-ae96-bd6e77ba291a;A;E;E;D;C;D;B;C;A;A;C;C
e00b6cff-bca7-4a18-8c2c-44525189008a;C;B;-;D;C;E;A;B;B;-;A;-
d78f0d70-2609-4166-ad6a-083ebef1121d;E;C;D;B;C;D;C;E;-;-;C;D
d28783e0-7429-4d7a-aa65-af2d56b304f0;C;B;E;E;D;-;C;B;D;C;D;E
73e3866f-a2cc-45c8-9e1a-5c7cd4762def;-;B;D;-;B;D;D;E;A;E;E;E
c477b483-93ff-4500-8f7d-ab2971d2d83c;C;B;-;B;D;C;C;B;E;E;C;B
47c96ea0-e22c-4111-85ac-3e2aa1ea3c58;B;-;-;-;D;B;D;B;-;A;A;B
74c8cf5f-a4c2-4b2f-b08c-f4b42359e565;B;D;D;B;D;C;-;A;A;D;A;A
e39be10a-706a-4f95-a711-93cf7fc83668;A;A;C;D;B;E;E;E;E;D;-;E
f731108f-d4a8-4a0d-a3f1-135c023208b2;C;B;B;B;D;D;A;-;E;D;D;B
82318a78-adc7-4d57-94ec-813ebd05535e;E;-;B;C;E;E;-;A;B;-;B;D
8a40041a-3ebb-4c3d-aef6-ba5b95da19a3;D;E;B;B;-;D;D;C;A;C;A;A
9857e8e2-4cf3-46b7-aca4-8b963b14ac21;D;D;D;-;A;D;C;B;C;-;A;-
20538b52-1328-4597-a91a-16eb817188db;B;D;E;E;A;-;D;E;B;D;-;D
e11d2e98-28b0-42ce-8d81-1517c07b6cfb;-;D;E;-;-;D;A;-;-;A;-;A
468b6993-a270-48d7-92dc-6bbeb0071cf1;A;D;-;B;E;E;C;B;B;B;A;D
ff7ae5c1-42d0-4e87-850c-c20cb989765d;C;A;C;E;-;C;E;-;D;D;A;B
bd91085d-4fcb-431d-bbf5-990ec686169b;B;E;-;B;A;C;B;A;-;E;A;C
d1aa1461-09a2-4a2a-89e2-1857c27a266a;D;D;D;B;E;-;A;B;A;E;D;-
d268aef8-b2f1-4b75-be98-0fa09adc8ed5;B;E;D;E;E;A;-;A;C;-;-;D
acef5db5-cd61-488f-97be-8965eeff8c68;C;C;-;A;D;E;-;B;B;E;B;C
8750827f-b6a4-4e6b-9b5a-2e2f1d61db25;A;D;-;D;B;B;D;A;D;E;-;A
be8a99d0-7d03-49b2-9e1d-4398fc8ebddf;-;E;A;C;E;D;B;-;D;A;-;A
c025020a-093c-4d79-8684-bd6d04262d95;A;C;D;-;B;B;D;A;-;E;B;E
e4725ee3-69c5-46d2-adb9-3ac19ea179b4;C;D;A;B;-;-;E;D;-;-;B;C
4f586ad7-a477-4e12-a3a7-9d3eecafa101;B;E;B;-;C;-;A;C;C;B;D;E
509df1ac-579b-4010-a2f2-81b06e181b11;-;A;C;D;B;B;E;E;C;B;A;C
575acaf9-061c-48b7-a918-a4fb90a2dc29;-;D;-;D;B;B;B;E;B;B;A;B
fd2f3bde-2a86-4a5a-a73e-0ab32421962f;D;E;B;-;D;C;A;-;A;B;B;D
0c3f769a-93fc-4e52-8153-0a78f691d685;B;E;B;-;C;D;E;A;D;-;B;B
e343930d-3416-4fa2-92c8-3ac86a1c4152;E;C;A;C;E;C;A;E;-;B;E;D
ffe4e29d-0765-4e1a-9c44-819e1f15e2fd;D;B;A;B;A;C;D;C;D;A;B;C
aff857d8-00d4-4765-9ccb-6ef649097150;B;B;E;D;B;C;C;B;D;B;E;B
235d060a-2cf4-48ce-a548-c838104f7911;D;B;E;E;E;C;-;A;A;-;B;C
9be6a8fa-d388-470a-b1e0-87603b621850;A;-;A;-;A;C;-;-;C;A;C;B
8136a8f2-a8b0-4c3a-abea-e92162c52dd4;D;D;D;-;B;A;C;A;C;D;-;-
ae06099a-663f-428a-80c1-8f7fbee892e2;E;C;-;A;A;C;A;-;A;-;A;E
69e0aef6-b995-4d56-a16f-ea129c3d328e;C;D;B;A;E;-;-;B;D;A;A;C
fa75f03c-5196-4f89-b826-9ad3e4c8e786;B;C;A;C;C;C;D;E;C;B;A;B
5227f51b-3e46-4fb5-82d5-84913e6f443f;D;E;A;B;A;A;C;C;B;C;-;-
76f0fd32-1b93-418b-ac66-bdb3664efa35;A;A;C;B;D;E;D;-;C;E;-;B
926756ac-5783-4db6-8d97-5cc791d26b49;D;D;D;C;A;A;D;E;A;B;B;C
0f72040f-2ae4-414e-9198-4876543a3cab;D;C;A;D;E;E;A;C;C;A;D;D
d348c895-76dd-4b0b-94f2-9f49a9e60ee9;B;-;E;B;C;D;A;E;C;C;D;C
074fc837-4eab-4e1f-ac3d-55197cb35aae;C;C;C;E;C;C;D;D;E;E;C;B
e8b40edc-e6d5-427c-acda-13d78322a6ce;B;E;D;-;D;B;C;A;-;B;-;-
230ce191-2998-4b81-8367-9ae839d34afc;C;C;B;C;-;C;-;A;-;A;D;D
4478a988-f0bd-4872-b547-6533731b7469;-;B;B;B;E;-;-;D;-;E;A;E
74b7ea92-cb71-45a3-8cf1-94904ad12a11;B;A;E;E;E;A;E;B;A;D;A;B
a8cbe588-ef99-4e95-858f-2af0fc4484c5;D;A;E;D;C;D;B;-;A;A;C;C
a607023d-c108-41f0-a91f-bd15723b3f94;E;D;E;B;-;-;D;D;D;B;D;D
10ceba03-6f74-4689-9b36-4c8f4a023fae;E;-;A;E;B;B;D;E;B;E;D;C
e3469d96-4012-44a0-b213-b52dd144606f;A;-;D;E;-;C;A;B;D;B;B;D
b1c157b4-a280-49e1-8bf8-3206327cb9fa;D;A;-;E;-;D;E;B;E;E;A;B
d524404c-c1d4-42b9-936f-db71a4a3a4e2;-;C;-;A;B;B;D;B;C;D;B;A
b0f4c257-8aae-4144-b584-111e8e298756;B;E;C;D;E;-;A;D;D;C;-;-
81afe455-db2e-4ae5-9821-d534f71f327b;C;-;D;C;-;E;-;E;B;A;B;A
82bd7264-1118-4d26-a4fe-de6622fcf2c7;B;A;C;-;A;B;-;E;E;C;B;-
f766efe1-af7a-40e6-9b10-de9c66c8554a;B;D;-;C;B;A;D;E;C;D;E;B
ee9900d7-7911-4d0f-842f-c5a1d264668e;-;B;D;B;E;C;D;E;D;A;C;B
820927f1-821d-403a-a75c-5cf0af7ed5ba;D;B;C;C;D;E;B;B;E;C;D;A
d22ae70c-d305-4f12-9339-2ac47bc131ec;B;C;C;A;-;D;E;D;D;D;C;-
57c639f1-cc61-40ec-b773-5ba26b624d30;B;B;D;A;D;C;-;E;B;-;E;C
b3a4399d-5617-4921-8153-7d27e2ce124e;E;A;E;A;C;A;-;D;-;B;-;-
e5482b55-1a68-453f-9a8a-fe5aaea76c25;A;E;C;C;C;D;A;E;A;B;A;-
a4c1e6d9-5307-4ae4-aa55-1f9ba5ef5d90;-;-;-;A;D;B;C;D;D;B;-;B
1d67b4f7-2674-40a1-9ac5-ae8fb6c3df0a;D;C;D;E;-;C;E;D;A;A;E;E
92dd575e-70b0-4cab-b068-f04d09de7a76;C;B;A;C;D;B;C;-;D;C;E;C
fa5c72d8-58e3-4f52-a687-f48a2051b6aa;A;E;E;-;C;C;D;E;E;B;D;B
b9679f8f-372d-490c-80a0-6932848ca62b;D;C;D;B;C;E;C;D;D;E;B;D
85a2c2b5-036d-4047-adb7-f6887fec22f5;B;-;-;A;-;B;-;C;A;A;A;B
39b401b7-4e6d-4819-845e-4b8f608b6b10;B;D;E;C;-;E;E;E;D;C;-;A
e6ffc540-4362-44d7-839d-229611f96270;B;A;B;-;-;C;C;B;-;D;C;E
81e07376-8952-4627-8cde-976acce3760a;B;-;A;-;A;-;D;D;E;C;B;A
dd0669fe-b1ae-4d98-8686-cb6a038b6c93;B;A;D;B;A;A;B;A;A;A;D;B
1caeda70-6976-4380-b91d-e059bf71fba8;E;E;B;E;B;A;C;-;C;B;E;C
f469cbfe-b1ae-4266-bdb8-6c999d3f8f69;E;-;C;-;-;C;B;E;C;-;A;D
e836703e-4af4-402e-9034-a8a012914625;B;B;-;E;A;C;C;E;A;B;A;E
83f1fe37-5255-4ff3-a0a9-78e0426844c6;-;E;-;D;B;B;E;D;E;-;B;C
5d617475-6e89-40ee-a35e-424886a4c195;A;D;E;-;D;C;-;B;E;C;A;B
d7ec12dd-df42-4528-8721-ad909e74a4b8;B;B;D;-;-;-;D;-;E;B;D;A
83c12724-eb32-44cd-8b29-05313e037b88;A;A;E;E;B;B;E;C;D;A;C;A
95c5b9bd-4d58-4ffd-bd36-3162b75d13aa;-;-;A;A;C;C;B;A;-;A;D;E
56a6fb23-8461-49b5-89c3-168caa872bb1;E;-;A;B;B;-;-;D;A;E;-;B
7fe342bd-f5aa-457f-a5d6-fc08a744956b;A;A;E;B;C;E;E;-;D;C;E;A
d0b4eed9-fa04-4cf6-90dc-6eaf528f7ddd;B;C;A;C;-;D;C;D;A;A;D;C
4d79592b-66ca-44f3-940e-82e04ba38c13;-;A;B;B;D;B;B;E;E;-;-;B
d19452b3-d222-49b9-ad4e-c85db89fce68;A;B;D;-;-;-;C;-;-;A;B;B
2e6bc433-e761-4315-acb7-47302a5f34a6;D;C;C;A;B;D;D;C;E;C;C;D
629f037f-98b0-4855-b389-db2a5bda0063;D;B;C;D;C;-;D;A;B;E;B;-
353328cd-6580-49a5-8826-fc37de93046c;B;-;C;D;D;B;D;B;C;D;E;A
3daac9f8-00d7-419d-8d98-3e76ec218581;A;B;C;-;-;-;-;A;C;C;E;E
a36f2983-4b05-4c02-9505-283cf6b1ed28;-;D;-;B;A;C;E;D;B;A;E;-
5b20bdbd-0d21-41bd-8ec4-7dc609057490;B;C;D;D;C;E;-;C;D;-;B;B
d20ecb95-0948-488c-bc68-a367fb15046f;C;A;D;A;-;-;B;D;C;-;C;B
6c40952d-72be-4943-96da-a21b0eba7a3d;B;E;B;E;D;B;B;C;C;E;D;A
b3ea9db4-9445-4a0c-bee6-643bb4b72f53;E;E;E;-;-;D;D;A;C;B;-;-
0012f379-8bd4-4d26-9a42-03bbe8064429;E;E;-;E;A;E;A;D;-;D;D;B
7b9251ec-8f33-4fda-830f-a99bb0df44a4;C;-;D;-;E;E;E;B;C;D;C;D
6121559f-e292-4c3f-b088-32bc6bd6dc55;E;A;E;D;-;A;C;-;E;C;B;D
eded2fe1-3e65-4096-b843-768827db777e;C;C;D;B;E;C;-;A;-;D;C;C
a04434dd-eb7e-4eb7-850c-9d04757adbaa;D;-;A;-;B;D;A;E;B;D;B;E
5941f74e-1edf-4c18-8b62-51c7527387d9;E;E;C;A;-;C;C;E;B;-;E;-
f584793b-85d0-43da-916f-7ed3fd57dd74;E;C;D;E;D;C;B;D;D;A;C;C
a4151d35-2b65-4036-a5d7-de8e1a99b505;A;A;A;E;C;-;-;B;A;B;-;E
8bde2875-b9aa-4905-b141-75303fd17399;-;B;C;B;A;D;D;B;-;B;D;C
d44c0d3b-f60b-4d8c-be07-cad005915287;D;E;-;C;E;-;D;D;E;A;E;C
2078d273-dc1f-4082-866e-2a9afd3a5b2b;-;B;A;-;A;C;D;-;C;C;B;-
4a21ca66-442f-474e-88a7-3f7cb438fba9;B;D;A;C;A;C;C;D;C;E;A;-
39c84f6a-7360-4c04-8085-0ee1686e472f;C;D;-;D;A;E;C;C;C;-;E;-
0abbcc1c-97b5-440f-a5d8-eb882c81a5d5;-;A;B;A;B;-;D;C;-;-;C;-
ac412b1b-b976-457a-aea7-41bf6bf67f94;E;A;B;A;C;C;E;D;D;B;-;A
753ab9ba-078f-4bca-adc3-60e324cf4689;-;E;C;C;D;E;A;E;E;D;A;-
5018a391-2990-4b53-af99-b102b6d9bfcf;A;-;C;E;E;B;C;D;B;B;B;B
d80025fd-b5ae-4c6b-a1ca-992961d08ec1;E;C;A;-;E;B;D;E;C;E;A;B
2c622847-f48d-452e-b789-a94e529d6a13;A;-;B;C;A;D;D;C;E;-;C;A
63360a2e-b42d-4d9f-bafa-f19b6ddc11b2;-;B;A;E;D;E;E;C;B;-;E;-
bc04d16b-6767-4558-9136-99128d71710c;-;C;-;E;A;C;E;D;-;B;-;E
e62e3dc4-f83d-46c3-8420-acde96c52872;C;-;D;A;D;E;E;D;C;B;E;C
0c6a57b6-2507-4e3b-bdbe-5fb413253765;C;D;E;C;A;-;D;-;-;B;E;C
26df89b3-519f-49ff-9ac3-31b643504afd;E;A;-;E;A;B;A;D;D;-;D;E
c35faf37-5526-4fe2-bbf0-2e6c2e7d5a5f;B;D;B;C;A;C;-;-;E;A;C;E
6c7ae0a1-e111-4f49-9b78-8350657099d2;-;B;E;D;A;B;-;A;-;B;D;A
78a520f3-6c82-4dcc-9145-3d66908991d5;-;A;B;D;D;B;A;B;A;C;B;-
d162f68d-8fb3-4102-b43f-b6e59384edcb;A;B;B;A;A;A;-;D;B;E;B;-
e31fa83c-ad87-443c-8963-0035ee266632;C;-;C;A;A;-;A;E;E;A;B;-
ec16756a-f1e6-4357-abcb-4c251fa7f249;E;-;D;D;-;E;E;A;B;C;B;-
12f5371d-dca5-473f-baa3-0445d21e9316;B;E;D;C;A;E;C;C;E;E;E;E
1834e57c-4bd9-4ff4-b6a2-25861782965e;B;A;-;E;-;A;E;A;B;-;-;D
c38ecfba-ff2a-4318-93ce-6c54e07a31a4;E;-;C;-;E;A;E;E;-;C;A;B
6d717362-10ef-4ca3-adde-e6de75154cc3;D;D;-;E;E;D;A;C;-;E;D;C
cdb52206-8243-45eb-9c1f-18fac4dc814f;D;-;-;D;A;B;-;C;A;B;D;B
abea2655-7db9-45b8-b839-740c5c2ab5a3;C;B;-;A;D;B;-;C;D;C;B;-
3488a35f-5a07-4d1b-8b09-65f3a6912ca1;-;A;A;E;C;-;E;D;A;E;B;C
2616757e-a132-4aa8-877a-80225b7ef628;D;-;D;C;E;C;B;C;A;E;B;-
dad36473-58fd-4f26-bdeb-c46b12aab8b1;-;E;-;C;B;D;E;C;A;A;B;A
12ad27fb-3fc8-48b4-89a7-8c6cb87c3ad0;-;D;A;-;B;E;C;D;C;A;E;E
18401ea1-29db-4f69-9be8-3c1ab0ad11ec;E;C;B;-;D;D;-;B;A;A;C;E
fefef05b-eeb6-4ebb-9d05-be2a100f9d4b;A;E;C;D;D;E;B;C;E;B;-;-
c9e2d764-93d9-4d4e-965d-2c96f54171a9;A;D;E;D;E;E;A;B;A;A;D;E
728b308c-3184-4cf5-8fe5-8fa425ee9fb3;E;-;C;E;A;E;B;D;C;D;B;D
dc36346c-f8f7-4b2d-8992-138aa1720c04;C;D;C;A;E;-;A;B;E;E;E;-
196cdabe-32e7-4aad-a00b-dc8e280382e9;D;B;-;C;E;E;E;A;C;B;-;D
4c6cb08b-5a76-4afd-b98d-d96bed5899f2;A;D;-;C;D;E;D;E;B;C;A;A
5b5b39d1-e182-430f-8d5f-c40db4ceb2e5;A;D;E;-;-;C;D;C;-;A;C;B
a9db64b9-d173-48b3-aa42-9882615b8afd;E;D;D;A;A;A;D;D;A;-;A;-
013f6354-d9d1-4717-8f71-7d775905927f;C;B;C;A;A;B;-;C;-;D;B;D
ffffaea3-5954-4c48-9efd-afb4d35ca701;B;C;B;-;-;E;D;A;C;A;A;A
9c12d118-8c2d-41be-9121-c7da80998d54;E;D;C;C;A;-;A;D;-;B;B;D
f02c1558-6282-425d-a514-d3255e2e7515;D;-;B;D;B;-;B;-;E;-;D;C
e82a6983-8e31-45d6-8a00-9f2ca976c8c0;A;B;-;E;A;B;C;-;-;C;D;C
cb3db51a-a84e-40df-acc2-273b970ef257;C;-;C;-;A;E;C;-;A;B;D;C
af12da2e-e05f-4ad4-897f-ce70299538f0;C;E;B;E;B;B;E;C;B;E;B;-
1ccae4bf-0f56-410d-86e4-edcd0e67ef0d;A;-;A;A;-;C;E;D;E;D;B;-
f0693ad6-c7b7-4bb7-b0d0-6fc846aff2db;E;E;-;B;B;C;A;D;-;E;E;D
a837c6b8-4849-4e31-94e9-7b58c41624fa;-;-;E;C;-;B;D;B;A;B;C;C
82bf0726-20f1-4905-9443-8d87f194a4ad;D;D;B;D;A;D;-;E;D;-;B;E
6792e275-9b5b-4d2e-a483-ee392c063448;A;D;E;B;D;B;D;E;C;E;-;A
c66cbc18-e19d-4ac2-8b0d-a1d3f39e47c6;D;B;-;A;D;A;C;B;B;D;B;A
714735fa-b745-404a-a4ea-f4dc1efc7d0d;C;B;D;D;A;B;E;A;C;E;B;E
eab01bca-51dc-42bf-90fb-a7c0f13c0a48;A;D;D;D;E;B;E;D;A;E;-;A
01d1132b-3840-4657-b0c0-0808075b7005;C;D;B;E;E;C;-;B;E;B;E;E
67e6285c-7e52-450f-928d-e87332b558c5;A;D;E;A;C;C;-;-;E;E;D;A
9800677f-bf0b-4111-8656-29b48d596290;A;B;A;E;B;D;E;C;-;B;C;C
07c63ea2-54c4-4fe7-a73d-1f7816ea57da;A;A;D;D;E;C;C;A;E;B;B;D
4a855b8b-8d2e-4b13-b79f-23f80ecac54c;A;A;E;-;C;A;D;B;D;A;B;-
e034f466-8608-47d2-a075-61a2d577972c;-;B;D;-;-;D;D;D;B;A;D;C
82be30ec-6ee2-4872-b72f-573e4a293ca8;A;D;B;A;A;B;B;C;D;B;A;-
463b5f22-81a2-4906-9dca-a8f69cad7d94;-;A;E;-;-;D;C;-;C;E;C;D
43629b3b-4ad9-4980-a019-9f4e6030e63d;D;-;A;A;E;C;C;A;E;A;A;C
b3f7591a-d8da-4dad-b623-0ad68753e1dc;E;B;E;D;B;C;A;C;A;E;C;C
cda744f4-de54-424a-8643-ac353f033f0b;D;E;C;D;-;A;B;C;B;A;E;C
56e34c61-6525-481a-b437-0d33df294564;D;E;C;-;E;D;A;B;-;B;B;C
54090029-1552-4da3-b1f3-b65d7491c80a;C;D;B;A;D;C;-;B;C;D;-;D
23a4d0b8-5442-415f-ae99-fedad1560804;C;C;A;E;C;-;C;-;E;E;C;D
10b7133c-af7c-42a9-b785-96982e68b047;-;D;B;C;E;-;C;B;D;B;D;B
7c008a97-2583-4b5f-af13-5af4c66d9804;D;B;B;E;A;A;D;A;A;D;C;D
787451dd-7224-4da3-9b53-2ee714868550;E;-;C;C;E;E;C;-;D;C;B;B
2a94fb2f-0d7c-45f0-b638-d4902f5bd852;A;A;D;B;C;B;A;A;E;E;B;B
efb68282-2fe4-4912-bf0b-0f8d8263e49a;C;B;-;-;D;-;A;A;-;A;D;C
64ad7bea-6d95-417a-b7d1-7cf0e440c9f5;C;B;E;C;-;D;-;B;E;C;C;-
62c37bd5-95e6-456a-a56f-91b63a793f2e;C;C;-;A;B;D;C;-;E;-;C;-
1c1b8630-cdbe-48b9-a658-c114f2e7c74f;A;D;A;C;-;-;E;B;A;B;D;A
9d4eb394-a795-4917-8a9c-a3e068e50b68;-;-;C;D;C;-;C;E;-;-;-;E
657b320d-eae9-4c54-8f26-83e9a6888f4e;A;B;E;B;B;C;C;A;D;D;A;-
8034dc9c-31b1-4c68-9ec4-ec4a03c831fe;E;A;-;C;B;C;B;-;E;C;-;E
94be8166-49f9-4f94-a6e5-c62cd5fd2a4c;A;B;A;E;-;D;-;D;C;A;E;C
6486d0e8-4402-4db4-9695-88c31f1114ae;-;B;D;A;E;C;B;D;A;B;C;E
eb4f9d41-dc12-4364-a76f-2d327a7ffb91;B;E;D;B;A;B;E;E;D;C;C;C
fcc93cd8-9387-4e3b-b0a1-04894d9c9d9e;A;B;-;B;A;C;C;D;B;D;E;D
38348e67-e519-4fee-9ade-e60a892d900d;A;C;A;C;B;A;C;B;B;B;D;A
2ecc2407-c73d-42b6-8bfe-b03917497912;D;A;D;D;A;-;D;D;E;D;D;-
e72a474f-14d4-4c92-a7bb-d380f21cac6b;D;C;A;B;B;A;A;A;D;E;-;A
61f6c7ff-fed8-48cb-8aec-fd1301f1362e;B;A;E;E;C;D;-;D;D;D;B;-
a758efa0-6e2c-4ec7-8e31-f521e9fa0072;C;E;D;B;-;A;E;B;C;A;D;D
7bd563a9-6822-41db-8d22-f56673c2ffbe;-;B;E;D;-;D;C;A;A;D;B;C
a83110a7-9d8f-4b23-83fa-7ae936b6be4e;-;B;-;E;A;B;-;B;B;D;C;A
9982e975-8c3e-48a6-ab97-40b91bae4f8d;-;B;B;C;A;-;-;A;B;A;C;C
e7247002-78fc-4a3a-b0e1-4a8817efadfe;-;-;B;E;E;C;B;E;E;-;B;-
b5cba850-c308-4ed0-9ea5-c1d5b4d80924;C;D;C;B;A;C;B;E;D;C;C;-
1d512f36-b534-47a4-93f9-e5eea30ffd03;A;E;B;D;B;B;E;C;E;A;-;E
04c2f663-7b3d-4dc7-b9c3-2813261932e2;-;-;A;C;C;-;C;B;D;B;A;B
5098f650-afac-47d2-9113-cf0f6bf66289;B;B;C;D;B;A;D;E;B;A;-;C
e08d02cf-76f5-4df7-87d6-e72f67b1d7b7;-;D;D;E;C;-;B;B;D;B;-;E
31d8f9fe-1ec9-455c-ba53-e2c800205766;C;A;-;A;B;E;-;E;D;D;E;E
730b4335-344c-4e5b-80ad-5afc04c6cd7b;C;E;-;-;C;C;D;-;-;D;E;D
cf13baff-4af9-4cfc-a52b-9d72dd5f53bd;-;A;D;D;-;-;C;E;B;D;B;E
330bc0ca-9a54-40af-a1ae-8c878f34209b;A;D;E;D;E;E;A;B;C;D;B;C
cd552354-c3a1-426a-a4f8-0828b3321240;A;A;D;C;-;D;D;E;E;B;B;E
93ebd6bc-d573-4c6e-9256-2e72956511d6;B;-;E;-;-;E;B;E;C;D;A;B
933561ee-ddc6-4f21-a088-d44af45fe7f1;D;D;-;D;D;C;C;D;A;D;-;B
426d1572-b95c-46d4-93bc-48f422031e7b;-;E;C;D;-;A;E;D;C;E;E;-
2713d6ce-34ca-4cb3-b82f-405e0aa154f1;E;A;-;E;D;-;B;B;B;B;C;A
89807f8f-cca2-4d9d-819a-fbcaad42a614;E;C;A;D;C;B;C;C;E;-;B;C
43051a07-faf0-4be8-a169-d9b7000fdded;C;D;E;C;A;B;C;C;B;-;B;A
00dcc43f-fe02-4c46-8545-2f43f8c4a847;A;E;B;-;-;-;C;A;-;C;B;-
d8dca6f4-de00-435d-aaa9-afcca0c05500;-;C;D;-;E;-;C;E;E;E;D;B
409f030b-c9c6-4877-b660-155e921e6341;A;-;-;D;E;B;A;B;A;C;D;-
461d12d5-c0c2-41b9-bff0-8a2f5f304b58;C;C;D;E;B;E;E;E;-;A;D;B
ca08d1ff-08a8-4e04-92cb-0294474e0607;C;-;B;C;-;D;B;B;A;B;E;D
905f209a-d19f-4652-a3f2-d55e9a8620d4;B;-;A;-;B;E;C;E;B;A;D;A
fe9138d7-e5a1-416e-851a-9d1778f2d780;B;D;E;-;D;C;E;E;E;E;B;-
173399f0-bbfb-468b-bbc7-39a220d6201f;E;B;C;A;A;-;D;-;C;B;B;E
c2c71b08-21d2-4ff8-8142-5dc561cc1b43;A;B;A;E;B;E;E;A;B;E;A;E
f6c8c49d-9e01-49e5-9d8c-520fb7ee0c15;D;E;B;C;D;E;B;A;-;E;C;A
08aecf90-3ddd-4dab-ab3d-7a681dc5044c;A;C;C;E;B;E;E;B;B;A;A;B
a451aae4-7f16-4fd6-a173-4b0e36bbe2e3;-;C;C;E;-;E;A;D;E;-;D;A
34626b7e-55c5-4232-a06a-fdfef30f77fa;D;C;C;B;A;E;C;E;-;B;C;A
4385fcd9-1503-4aed-b9d3-628aa059e7c5;B;-;D;E;C;E;-;-;E;-;D;A
e1dd15b8-cbfa-4e7f-a967-04d024d6bbb5;D;C;E;E;D;A;-;E;D;D;A;D
15ac0364-a4bb-4cc9-ac2c-a9c988ee7bbb;C;E;E;C;C;-;A;C;E;C;C;-
ffa6b2c1-88d0-4d73-93e1-d3fd52de7467;D;-;-;B;E;-;D;-;B;E;A;-
cb4edaa3-ba9f-41f5-a04a-75ec31234d72;D;E;E;E;E;A;D;-;-;-;C;A
172bf527-c41b-4fa6-83ae-0bc1293a1417;A;-;C;A;C;B;D;B;-;A;E;A
ec512f68-730a-4926-8dda-86a3f1a16bf0;E;D;-;E;D;D;B;C;A;E;D;D
b5b776b4-4ea2-489b-a336-9cebc991cec2;C;C;B;-;D;D;C;E;C;A;B;-
e73d1d71-bd2e-498a-8c3e-d41c08d2584e;A;D;E;A;E;C;-;D;E;A;D;D
7640cdeb-277d-473c-ac4d-6ee2aa0957e8;B;C;C;D;A;E;-;D;-;B;-;A
a042e445-3787-4444-8584-a4e2e087a7c2;-;-;D;D;A;D;-;E;E;C;-;E
ca93405e-075c-4bde-b75f-6ae3a1a46c25;B;C;B;C;B;E;B;A;D;E;E;D
f7030446-2ee8-4925-b6d9-b201dac49fbd;A;B;-;C;-;A;E;D;A;D;A;C
531cc8bf-2f37-4eca-9822-fecb10f4b14e;E;E;C;D;-;E;A;-;E;-;C;A
00972f3a-1542-42e2-b00f-89d35c70d76d;B;-;C;D;D;C;C;C;B;-;A;D
e1f65162-e3dc-4146-b971-1cf5ff004aae;A;B;-;A;-;A;D;C;C;A;A;A
9c785d0d-0e16-4476-928c-6369df117f65;-;-;C;A;D;-;B;C;D;-;E;C
5c2de513-28a2-4247-be0b-81f0eb15a3b1;A;A;E;E;-;E;E;A;A;C;C;C
5775419b-7618-44fc-b434-36598e474fc4;D;A;-;D;D;A;-;B;D;B;C;D
d6e9ce44-777c-4159-b51e-06c0ddd0c114;A;B;B;A;-;E;-;C;-;B;E;E
6f1734b4-4084-414d-af22-97cea254adf7;C;A;C;B;B;B;-;A;A;C;C;E
f228e3bd-79ec-4583-8a19-916813eeb55d;E;A;B;C;D;A;-;C;A;-;C;-
cbba5eee-f0b6-4c0d-939b-3f1da9059bf3;D;-;C;A;C;E;A;-;-;C;A;D
308846e6-6d34-41c5-9ca0-36ba435cf828;-;E;A;C;B;-;E;A;D;D;E;A
1840fe8c-eb33-4308-8313-14687b69e921;C;-;A;E;D;-;E;C;E;C;A;-
c6062f85-a5dc-4b1a-8ad5-b0bf552371cd;E;C;B;E;D;E;A;E;C;E;B;-
221a8681-1bff-45a6-881e-a9464dd14977;C;D;A;D;-;B;C;E;B;E;E;B
94c36b39-c68c-4f84-a99c-d6d7e979eb3f;E;B;A;D;E;-;C;-;B;A;E;D
91a1c561-3f7d-479e-8b09-f22a7e350d09;D;C;-;C;-;-;E;C;C;E;A;B
7a8224d1-0bf1-4ec7-a7f7-dc657c568e4e;C;C;D;-;B;B;-;-;B;B;D;-
c9c96317-3738-404f-86df-563226355efc;B;D;-;A;E;E;C;D;-;A;A;D
5c70dddb-c793-4e77-a875-f20bccc2907d;-;E;E;B;C;-;B;E;E;C;C;-
d43e736b-4699-4a95-886d-6cf21c1cfbdf;D;C;E;B;E;C;-;B;E;E;B;A
db2d45aa-30f2-488c-95a8-d0306a7ecfee;B;B;D;D;C;E;B;A;E;E;E;B
dc2f849c-2299-4473-8497-810f2c9ae657;D;B;B;A;C;B;-;D;A;-;-;D
a9523943-335b-4c2a-8706-70405a921e58;A;A;A;-;E;D;A;A;D;A;B;B
afb18243-69df-4751-8164-1a88518b2d8f;E;-;A;D;-;-;A;B;-;C;E;A
0a8dd232-f8b5-41c3-8c0c-61708bf0940a;A;A;D;C;D;B;C;-;B;A;B;E
18d6ac6b-710c-465d-a298-b045c40725b4;E;D;A;D;E;A;A;E;C;B;A;E
832482ba-3cc6-4d4f-8b39-5e787d6a56b7;E;E;E;B;B;-;-;D;-;D;-;-
1df62b26-dd2b-423e-9ee1-38d1accd779a;-;A;A;C;C;D;B;D;D;C;-;E
f9ab625b-0544-4787-b0a8-93a82bfd9d98;A;C;E;-;A;A;-;A;B;E;D;A
7c1351bd-ae67-44c5-8a26-d6b87b013873;E;-;D;D;-;-;-;E;B;A;B;E
97563716-309e-446e-9569-323143da4c41;A;D;-;D;B;E;A;-;B;B;-;B
434cdda8-6a51-470a-bc5e-693665e28f46;B;C;D;-;D;A;A;B;-;A;A;B
74cdb817-c36e-476a-9d58-ae4555bbb185;E;B;B;D;D;-;C;D;B;D;-;C
f4fd60aa-99be-4676-ba4d-cde3b14f4673;-;A;D;A;-;E;A;E;E;B;B;A
c604373d-98ab-49c4-9e0f-ff42b4433fce;C;B;E;-;-;B;A;C;C;E;C;A
1ef08ecd-85b8-43da-ae75-942615731ea5;-;D;C;-;C;E;B;-;-;D;A;D
47f0ac93-812e-4437-9851-1e72f66d65fc;E;B;B;A;C;B;E;D;B;E;B;A
833424d7-67e5-493f-97bb-0ed04796ded2;D;E;A;-;B;-;D;D;A;A;-;-
a7120ece-efdd-4299-a153-4e3d0c21cb87;E;-;E;B;E;B;E;A;E;-;-;C
31822a7c-2b3e-4d86-a2b7-f5796637dddd;E;E;E;A;E;A;-;C;-;E;A;A
8e681efd-7732-4611-8273-2564669f19b5;-;E;C;B;A;D;B;E;-;D;B;C
766fbece-856e-4f5c-b410-55727f9fce9e;C;-;C;A;B;B;-;A;D;D;-;B
4e72f9ed-2cb1-4ba1-8ee4-13065b7b2a53;D;D;-;D;-;-;-;B;-;A;A;B
fd4d716f-b5f0-4a81-89db-55d518145629;-;A;C;B;D;B;B;D;C;C;C;E
59713470-4e3d-4e7a-a5c8-05772f808800;B;-;-;E;E;E;B;C;C;C;A;C
d40858b5-e896-4072-a3ab-fc6b54dda32a;-;B;D;E;B;C;E;B;D;-;B;A
8c8e2c60-7f6c-47a1-af24-9d7b450d24ea;E;C;E;E;C;E;C;C;D;A;A;A
958b446f-c9cc-4b90-88d8-1d257cc92821;E;-;B;E;-;A;C;B;-;-;C;C
ce4c30b4-6e38-497e-8438-593895a86b85;A;B;C;A;-;C;E;E;C;C;E;A
06a526fa-7d76-4439-aadd-2b341a48d3b4;D;C;-;E;B;E;A;-;C;D;E;D
b2f8d110-2959-4d4c-ac1b-9b16835b0748;C;-;-;C;C;-;-;B;A;C;C;A
0485ce4f-84c1-4ab6-9c22-3d0ad580070d;-;B;-;E;D;E;A;D;-;D;D;A
92aa5099-f762-494c-a2e7-964be15b643d;A;-;A;C;-;B;A;A;E;E;C;A
cb98843d-e362-4f17-bddf-24bc2e909f56;D;B;D;-;D;A;B;A;D;-;A;C
14768b72-e2d8-490c-a721-7a8a094e4422;D;-;-;B;-;D;E;E;E;B;-;E
cb541f78-b71f-4ecf-aa88-1f454c39952e;A;-;-;B;D;-;A;E;D;D;A;-
0c40528a-d90a-468a-8c81-264a66d222f9;E;D;A;B;A;A;B;E;D;C;B;A
6be1c4a5-cf77-4437-be73-ffd89948d6ae;E;C;D;D;C;A;D;-;D;E;C;A
2089b4be-1297-4a13-a870-11d47f7a7569;C;E;-;D;C;-;C;-;-;E;-;C
690f83dc-1ab7-46ce-a285-0c91f5136daa;B;C;A;C;C;C;A;-;-;E;B;D
32e089f3-e4d0-427b-b68c-00d2cb15bfa3;E;B;C;E;-;A;E;E;-;A;A;E
030de1fc-2f8d-4af1-832d-920da607734a;-;-;C;-;B;A;B;C;-;B;C;E
64c4f767-7415-4be1-8981-e2a5c6c6bf9b;A;B;-;D;D;-;A;C;-;C;-;A
9b45305c-9ea9-4829-8f04-beea763e537a;E;E;D;B;C;C;A;B;C;E;A;E
379781f6-0600-4bd9-83a7-3731bc4b7a19;D;B;B;-;B;-;D;-;A;C;B;D
85e0dde3-fe37-45b5-b3fe-83b372b72a23;-;C;A;-;C;C;-;-;D;E;D;-
df8b027e-ebce-42a0-8fda-813bdc48036e;A;C;-;-;C;E;A;C;-;-;B;B
eea1944c-305b-478a-a881-5de6288deed9;E;B;D;E;A;E;C;D;C;-;A;A
477acff8-9ad3-4851-b839-a76edf5ef69e;D;C;C;E;A;B;-;E;B;E;-;D
5540ecd9-ecc5-4efe-8cfb-44377fdc5211;-;C;B;-;E;D;-;-;D;D;-;B
5081d4b4-0b77-4eca-92f2-101411cd67dc;E;E;D;B;D;A;C;A;C;B;-;A
c86f1e76-6058-4a29-bc6b-00929a2f8f2a;A;C;-;D;E;A;B;B;E;D;E;C
6a40629d-75af-4167-85c3-a1202d384ef3;B;D;A;E;B;-;-;-;B;D;-;C
75763c00-4a9d-438e-aad2-33d6c756b2da;D;D;-;D;B;E;E;A;E;-;B;C
b69d0e44-2d90-42b7-ba8f-d731858e7492;E;D;C;D;A;A;-;B;E;A;-;B
b2609f96-2c99-494f-994b-074d5e56d58d;D;D;-;B;-;D;C;C;E;A;E;D
eb2112ed-d25f-4ce8-bcdc-3cbc60ff6149;A;D;C;E;B;A;E;-;-;E;E;C
7940a02a-cc6e-4b18-89d5-38c183f655b9;C;B;A;A;B;B;A;D;B;-;-;E
f5158f2a-cde6-473d-9b77-4f4f5dd516f6;B;D;A;B;A;C;C;E;-;D;E;C
883d698f-839a-4742-8102-e353f429af1b;C;E;E;B;A;D;C;A;E;D;E;-
35314fc3-5212-4ce6-92ec-ef5458dd481d;B;C;D;C;E;E;D;A;B;E;C;-
03cf2053-169a-43b7-8982-f91b00f9d87c;E;B;A;A;E;D;C;A;C;D;A;A
e984c196-e7e6-4439-a6cd-9c0a48ef5cd3;E;C;B;D;A;C;-;D;-;E;B;B
d9eed63d-8e16-49d2-8aa5-56085e398c31;C;C;D;D;B;D;D;B;E;-;D;C
d00d319c-19f8-4479-90b9-240f4585cd8e;B;A;C;-;C;E;-;E;B;A;D;-
63b5e26d-faaa-4d9b-9b1a-725baf98d5f7;B;C;B;-;-;C;-;D;C;B;C;-
67b1a49d-30dd-4c1a-985c-948b961e56a6;B;-;B;A;B;A;E;E;C;B;-;B
30d170e7-7d37-496e-851c-c9b94a02ee36;B;B;D;E;B;-;C;E;E;D;E;A
2fa70b0e-69bb-4ef4-bc3d-d77bf5779844;D;B;E;E;A;-;E;D;B;E;B;D
9b0386a0-4fa9-4961-aa45-15d6bc38ba5d;A;C;C;D;C;E;A;A;E;C;C;C
48266d4c-ef15-4251-a8f6-f2cc6d4f0146;A;D;D;A;D;C;C;C;B;A;E;D
6db20688-ea04-46a9-823e-63d3165015c3;-;E;D;A;-;D;C;A;B;E;E;B
11cd75f2-a9c6-4595-90c7-1a5f0c06ffe3;C;C;D;B;C;D;C;A;C;E;B;-
ad846d3d-77af-4dab-a2fc-563342cbacb9;C;-;C;A;E;C;D;D;E;A;D;D
9e09f810-4044-4555-88e2-8bb5ee7e763d;B;D;E;E;B;A;E;C;A;C;B;B
d4f53396-ff65-431c-9bca-d531088e360d;C;B;E;D;C;B;C;B;E;D;D;D
f2c4ccf5-cc13-484f-9670-e68536529b74;A;E;C;A;E;-;-;A;-;-;B;C
7bf1dae8-646a-4952-a529-23c84094d527;E;A;-;D;B;-;-;-;D;-;B;D
5391133d-7471-44ef-9b1b-3f65d4d5be2a;-;E;B;E;A;C;C;D;A;E;A;C
13421f51-894b-416b-93ce-2a68bdd9dc7c;D;C;A;E;C;A;A;E;D;E;B;E
7834dda4-64f0-4cc2-bb88-d5701bd8d77e;D;E;B;D;A;B;-;E;B;A;-;C
b7efbf12-1a28-4c19-8932-c9c64521a963;B;C;E;C;E;B;A;E;D;B;C;A
5864a1ed-bdc7-4768-8c7c-c725a67c4ec3;C;-;E;D;D;C;A;B;B;-;D;D
1463026c-2d6a-44cf-b0e6-8a6911b3b0d6;-;-;A;E;B;E;E;-;D;E;B;E
36f22457-3ea8-484c-801c-8247425cef46;-;A;A;E;B;C;A;E;C;A;D;A
8b79847a-7975-476a-a329-d0afb52fb82f;D;C;B;C;-;D;C;-;D;B;B;C
09b7ead5-9d2a-4992-ba69-6dd7350810a2;A;D;E;D;-;E;-;B;B;C;E;D
88c5eaec-d790-4708-8593-aa265e7f52c3;C;E;E;-;A;E;B;A;A;-;B;C
1d25ffe3-ccc8-4f3b-ab5e-2b03b83e299b;E;C;-;C;E;B;C;A;C;-;E;E
360aee8f-e563-4475-bd07-5335d43c652b;B;B;D;C;C;A;B;-;-;-;C;C
be74900d-d222-478c-9011-56630c95e282;B;E;B;B;B;D;C;D;E;C;C;C
35f8bd03-780d-41f3-8319-cdb3955c1c51;-;E;B;A;A;-;D;C;E;B;-;C
2230229c-6b77-4840-ae48-4fbaa6fa0600;A;E;D;C;B;-;B;E;D;-;E;B
7ecf02a5-8bcc-46c5-b52d-1422c98f66cf;D;C;C;D;D;-;D;A;C;E;-;B
b62b6570-0cfd-47d1-9d70-5c3e15c2350f;E;D;-;E;C;A;-;-;D;B;-;-
edcd8397-0bad-4ab6-bcf0-a1dfaa2e0cbc;E;C;A;B;D;A;D;E;C;A;E;-
1f668c7f-4144-4dc6-b13c-544914c82695;B;B;B;C;A;B;-;B;C;D;E;C
ddcc3d3b-ef30-425f-9411-6fc87cc0e384;C;E;A;A;D;C;E;B;E;C;-;D
8fcc70b7-66db-40fc-bbf2-8b9302e674cf;A;B;E;D;A;-;E;B;C;D;D;-
66adc70a-b093-4d70-b0d6-b6e93848db02;A;B;D;A;A;-;-;C;D;C;A;A
a9d7c9bb-722e-442c-b1fb-6871fb390c7c;C;E;C;A;A;D;C;D;E;-;-;A
e9e85f5d-9d47-4abb-a741-d62c0917d12b;C;C;E;A;A;D;E;C;-;C;-;B
6e3433b6-63c7-469c-9709-81f77dc91cfe;D;-;D;-;E;D;-;E;A;E;E;B
98a2c0c5-9f0f-48af-9632-55e4b377690e;B;-;E;D;C;D;-;-;A;D;B;E
01528f41-cafc-4030-805f-58cb6331c554;-;E;A;B;C;D;C;C;B;C;D;C
f7376019-93f5-4203-adb3-b097a3ab9c65;A;D;B;E;-;A;E;B;C;-;D;D
62d92930-7973-471c-b7d2-5db14837daa2;B;C;D;-;C;E;A;A;-;D;-;D
25fd90ba-59e3-4c89-abe7-4d7da85c3a92;C;C;-;B;D;C;D;C;E;E;A;A
424e3062-5b94-4b5d-b3c9-fb94d2661177;-;-;D;C;B;-;-;A;B;-;C;D
dfc25a04-d0d1-4435-a891-4c910e4b60be;D;D;B;-;A;E;E;B;A;-;E;B
3beeeb46-8f23-4f3e-8d7c-ca1315418aaa;B;A;B;D;-;A;A;A;E;A;B;-
12ff2ddf-356b-450d-a768-b9f7c526cf73;D;-;B;C;A;-;A;E;-;C;E;E
ccf5be77-a734-4f00-a1a2-be73075b9e30;-;C;C;C;B;C;-;A;E;B;C;E
1ce086a5-a53b-4048-81e7-d05e4ede6ef9;E;D;E;B;A;C;B;D;-;D;A;D
538c53bc-de87-41a6-86d8-09c6f31da1ba;-;A;-;A;B;C;E;B;C;D;A;E
cf3a40fa-ea1d-40d0-b5e7-46cf02e530a3;A;D;D;E;E;A;B;E;A;E;E;-
99f1de69-ea9d-4f7e-923d-0bab22c9a25d;E;E;A;B;E;B;A;-;B;D;A;C
ff2153e6-4ff0-4f6b-9a40-91cca39c78d8;A;-;-;C;E;D;A;E;E;D;A;D
83104a29-d371-47f4-90fa-853487e9bdeb;C;E;A;B;B;-;E;A;E;C;C;E
c8d9ac9c-62df-4f3e-b4c3-3c672c9c13a6;A;C;B;C;A;B;C;D;B;B;-;E
ee20344e-f6f1-496e-bd19-4d325eff8b33;-;A;C;B;E;E;A;E;C;D;B;C
e332605d-ec39-47c2-81ae-25e74834124c;-;C;A;-;D;-;C;C;-;E;D;D
3c646bb5-3662-44e8-92b4-3f51a995eedf;A;C;B;D;B;A;D;B;E;E;-;B
e90ea4ec-59a1-4df5-abc6-d79a60b7de3f;C;E;E;C;A;E;E;E;B;D;D;C
9d1c9cee-7882-45e5-991f-1fe2638f9488;B;A;E;D;E;-;-;B;-;D;D;-
d66d158d-e02e-474b-897f-ca20528253ca;B;A;C;-;-;A;E;D;D;D;C;C
9cab6d02-b085-4d60-abd0-ab9262bbb152;A;A;-;B;B;C;A;-;D;E;E;C
59f06953-4cc3-4510-ad3c-18b72cb01b36;E;B;E;E;C;A;D;A;A;E;C;-
59b69c32-6e60-4ebe-ab63-9078c681e654;-;A;-;E;-;-;C;A;E;A;A;E
28a4cd20-67f3-4d84-b282-b17d8bb9a81c;-;C;D;-;B;E;-;C;C;A;E;A
1e672acc-5f00-4b5b-84a5-9eb0ce20bca9;D;E;A;-;-;C;-;B;B;-;C;E
50bca774-ff7f-4a84-82b7-c5ef246be7e2;-;A;C;E;-;-;A;C;C;D;-;A
1e0a0a60-d361-4359-ab52-4d279756e06c;E;C;A;A;-;-;B;B;D;B;A;C
d4ab07b4-c523-4683-93a2-335343d4a132;-;E;A;-;B;E;E;A;D;B;C;C
5b9bf610-2e52-40e5-bd11-26b2bab333af;B;D;C;B;C;B;C;C;B;-;E;B
551a54ec-eca8-4a87-9d58-bb9ce54ad675;D;E;C;D;A;D;A;A;-;C;D;B
d09046b6-a3a3-4fa4-ab19-a7e11870ae66;B;E;E;B;A;C;A;-;-;D;-;C
03d4cdaa-bce9-4c07-9149-4169b4196a39;C;C;C;E;C;A;B;B;C;E;A;-
8804333b-97bb-4fdf-a453-82ec4b626c3c;B;-;B;D;A;A;D;-;D;A;A;-
9bf2446d-b2c6-4062-b903-e5d665993728;D;B;D;A;A;A;D;A;B;A;C;C
c9cddc89-510a-4382-bf01-08c50380fcc8;-;A;B;A;D;C;-;B;C;D;B;A
b2517049-bf76-4027-bdec-abe7bc4e3466;D;A;A;A;B;C;-;B;D;A;B;C
82d12ffe-5887-4443-ab47-a60f1d56e7b4;C;D;C;E;A;C;B;C;A;C;E;B
2399cf16-e5d1-43d3-8086-26fe3b7c729e;D;D;B;D;D;A;A;C;D;C;E;-
2b5b8747-e2ec-4e32-a207-8924ef7605c6;B;D;A;C;-;-;C;D;B;B;E;A
3a333deb-3c4f-4e73-842d-80a0778d8176;E;E;B;A;B;B;C;C;D;B;A;A
03b21ef9-e34c-4ac9-89dd-bfcba50dea91;A;A;-;B;A;B;E;C;B;E;D;-
fe8c9273-dbca-46de-9ac6-0ca2ed89176c;E;B;-;B;D;C;A;-;E;C;C;B
ddd533f2-e279-41b8-83f2-60d8bd458671;-;E;-;-;-;-;B;C;-;C;-;-
5b2f0333-9cca-4a46-8dd1-610f5e8b62b0;B;-;D;-;B;E;E;C;D;A;E;E
9b08b57b-6150-40f7-a69a-1066d02b0cc3;A;-;D;A;B;E;-;C;D;-;E;C
a92bfc7c-2275-4489-8e07-1de46a6b0b9f;E;B;-;A;C;B;C;A;A;C;-;C
37a35748-9d0f-4566-95f6-fae2ddf54016;B;C;C;E;D;E;-;C;C;D;E;-
d7571da9-7359-40ba-bbc7-3c7cd85c0184;E;A;C;E;B;-;D;C;A;-;C;A
4c72e64d-b588-455f-ba25-aa3c74554405;D;-;D;C;C;D;E;D;C;E;C;E
8bc232c3-467e-4472-8000-7f1959a014bf;B;B;E;A;-;-;B;B;E;A;B;D
391ae8b2-13f6-4923-a12a-453c5ae67c39;C;B;B;E;E;-;A;A;C;-;B;B
222b6ac5-eede-44ab-aad2-de55f6161b8b;-;D;-;B;-;D;A;A;A;-;B;E
a77b1944-a98d-4825-a331-d4b447cfc773;B;A;C;-;A;C;B;E;B;B;D;B
35cee14f-9c83-4ef4-8150-61bd35cf4a58;A;C;C;-;-;E;A;-;A;A;A;B
5b808356-1720-4bf2-b608-71144ed8ee55;E;A;-;D;-;C;E;A;C;C;D;D
59385742-f95d-46a3-9647-eceb2f4c9c8e;D;D;D;E;E;A;-;-;-;C;E;A
3842f7a1-474d-4e9e-b807-be711d97acaf;C;B;C;C;C;-;E;E;E;C;E;D
865cc75f-4683-4a1c-9e99-67e0766253a7;D;-;D;D;A;C;A;A;-;-;-;B
3c18c316-2adf-4e3a-8968-712f0c374584;A;E;E;D;A;C;E;A;D;B;C;E
9aff1729-ea7a-42b3-8ca3-464170335f5f;C;E;D;C;B;E;B;D;D;E;A;D
4f339f6e-89a3-421a-b264-199d530dcba5;D;-;D;D;B;A;B;-;B;D;A;C
12784a97-1336-4aa4-a878-a91cd53ed201;E;A;B;E;A;C;-;-;D;E;-;B
497b0373-36dc-452d-a310-4bef4503d717;E;E;E;C;D;-;D;B;A;E;B;E
f8a03f8c-c06d-448e-b6c8-7352e8479257;-;D;D;E;A;E;D;C;C;E;C;-
a358e260-9a99-4024-9699-cfbd2d3e562a;C;B;-;D;A;D;D;-;-;B;A;B
3d8d1d12-24a5-46cd-8141-480261f59ae1;E;B;E;D;-;E;D;E;E;C;C;C
133e0d21-cafa-40d6-accc-caccd1eb83b6;D;C;-;E;-;B;-;E;D;D;A;C
81e3e722-285d-4de7-b180-1abfd2fab421;A;A;-;-;D;-;E;B;E;D;B;-
b8407684-a1dd-42cf-a25f-a70785e2565c;B;E;D;C;C;B;D;E;-;D;E;D
c75a9ac8-6a19-48cb-8a01-90ebad829007;E;A;C;B;E;B;D;D;C;A;E;C
15d768ad-2c9b-441d-b3d4-2f1d55dae8a5;A;A;E;E;-;D;D;A;A;-;B;-
b0877ec3-973d-481a-8889-cb89c9b4484f;A;A;E;B;E;A;C;B;E;-;C;A
67c0beed-edfb-4d6d-8798-76286949c1f9;A;C;D;E;D;B;-;D;A;C;D;-
b183eb1e-fabf-4c6e-ac12-c1d0ee7ae971;C;C;E;E;D;B;E;-;C;-;B;D
20650f98-09ed-4c77-a068-f33ab2bf8d91;A;A;C;D;A;B;C;C;-;B;B;B
14278d54-8849-4d67-ad4c-d02341d8902d;C;D;A;C;B;-;E;A;D;E;A;B
825a75c2-97bb-49c9-b0dd-f39ef8f802d6;E;-;B;C;A;A;D;D;-;A;-;C
ada40488-855c-47b5-8f41-2f990625e1a0;C;A;A;D;C;B;B;D;E;B;B;-
fe72bcf6-5463-479e-b499-49eab105c7c8;-;A;D;A;C;D;E;D;D;E;-;E
b9b83bbf-3073-4a2a-9422-05743bbf3a05;B;-;D;C;B;-;D;A;-;D;E;C
c00b97a8-9a46-41bc-b53c-e2548b7df50b;E;E;-;-;D;B;A;A;C;D;E;C
df42d38f-6847-4177-95e9-c43fcac0f7d4;A;E;D;E;C;A;C;C;-;B;B;D
7f4dbff8-a6fd-42fa-9dea-0eaf36193aba;A;E;E;A;-;A;D;D;D;B;C;B
832de342-4232-49f0-9187-f4ff57fb0bbf;E;D;E;B;A;-;A;C;C;B;B;B
d2d31003-069e-4cbc-ac98-542e127b902c;B;E;C;C;A;A;B;C;E;-;E;-
7c44d6f2-9c89-446c-bac5-96f65cae9dec;D;C;-;A;-;B;D;A;-;-;A;D
0fbbd7ca-64f8-4128-b877-87ed815caa42;-;-;C;-;D;D;E;B;C;E;A;E
77acd1d1-1548-45e2-9b0f-7adbf7b0fb70;B;C;B;-;D;B;D;A;D;A;C;C
4f5bdd2b-39d6-4da3-8e1a-af806b08795e;A;E;B;D;-;D;A;-;D;-;C;E
ce7602e6-cc8e-4293-8c25-cbefd5f42d6f;C;B;-;C;B;C;D;B;B;-;E;C
307992f8-b474-437e-a2aa-0a325645b39f;C;-;D;C;E;C;-;-;C;D;E;D
035509e0-41ca-40d4-bad5-466a9f9bb6fd;A;D;C;D;D;E;E;C;E;E;E;E
5f0d1729-f5e1-4ccc-af43-8c6f2468b2e6;A;C;D;E;C;B;B;A;B;E;B;B
cb84fed7-a0a3-4e7b-8895-7140aef2b558;E;A;-;D;D;E;E;D;B;-;E;B
4ca23819-f72f-4aa8-858d-65d3a6831ce4;B;A;B;-;C;D;B;B;-;C;C;E
8a4d8752-d83d-4b9e-8c08-f457b61d2a11;A;B;E;B;B;B;C;D;C;B;C;E
ab60c231-7289-49bd-9f06-49bc73c62bef;-;C;E;-;-;E;D;-;A;-;C;C
5ccd71ae-1556-4eda-8a83-fa84647788a6;A;A;-;D;E;B;D;A;E;B;B;B
1e8fc480-bffa-400a-883c-cbb8a2a0725a;C;-;C;B;A;D;E;B;C;B;-;D
2b12706e-6eb7-4bff-bdb7-23ef5d54ed72;-;E;C;B;A;B;-;C;E;A;D;D
0088042c-62bc-40c1-a63d-0f52eb9244da;D;B;-;E;C;D;-;B;E;E;-;A
b2923964-1a59-4bda-a85c-6b7d5eab57fc;D;A;-;C;C;D;-;E;D;D;B;A
dd546b01-1d96-4147-a78c-f783d4ce4dd6;C;E;B;-;D;-;-;B;A;-;C;A
c81c5545-43d6-4763-9223-9d69d857ad95;C;-;D;D;A;-;D;D;A;C;A;-
dadd068d-f76c-4210-9157-356e0c380cb2;A;B;E;D;B;-;-;C;A;-;B;E
e2d14058-4739-41b4-974a-2207378163e9;D;-;B;-;-;E;B;B;B;B;-;B
d96767ee-fc2a-4e4e-b177-2d481cb8d5d7;A;-;C;A;E;D;C;B;A;-;B;-
1c8f32c0-7e00-4437-9832-d3babf4d6b24;A;E;C;B;-;A;D;E;E;A;C;E
5431aefa-6b2b-443d-b30e-43b705eb44b4;B;D;B;A;D;C;D;C;A;C;A;A
a9c663fe-226a-41f5-9e36-b3dae83b3b10;E;-;-;E;D;-;B;D;D;-;E;C
f4e4fbb4-30e2-484c-a333-9c364574a0d2;C;E;C;D;-;-;A;A;E;B;C;A
1a05a5fb-6033-4d85-8154-91a80e45428a;B;A;-;A;A;E;E;C;D;C;-;A
d337d63e-09a6-4942-9429-066e0f5d9281;B;A;A;D;C;C;C;D;-;E;A;A
68d31d13-731e-4048-9e28-cc638044d2b8;C;E;C;E;B;A;A;A;D;-;E;-
a45567fe-4307-4604-a97d-b16aee49a9b0;B;A;B;E;E;-;D;-;D;-;B;A
9f5a2cdb-7632-4815-97d0-4579701469c6;-;D;A;C;B;-;D;A;E;C;C;E
74c9d6ab-408d-4f2f-9026-3ed9a982c878;B;B;E;C;D;D;B;E;E;A;D;-
76f20906-946d-4030-a802-d62789281e5e;B;A;E;A;B;E;B;D;D;C;B;A
8610ae06-c730-44d0-b336-185512ff38d9;D;C;-;D;C;E;A;C;A;-;-;B
bf2a1ccd-3c0a-421b-9730-525e86bb25f5;C;A;E;-;D;D;C;A;A;-;A;C
2d753cca-4206-4933-99bf-2d03d57113a0;D;D;A;A;D;E;B;B;B;D;E;E
93d92dfb-1b16-47f9-8519-203b6d403d1c;D;-;-;C;-;-;B;C;A;-;D;E
5f63ec25-2923-418a-89dc-201c64282e1d;C;A;B;E;A;-;D;C;D;C;C;-
30e64802-8db1-4631-a976-7d2dc5e46dce;E;-;A;-;D;D;A;C;E;E;C;C
88baf422-117b-4e32-92ec-37c5fedf42fc;-;C;-;-;D;E;E;B;-;B;B;D
7984caa8-7b89-4dc4-b63a-dfdddb943bc0;B;-;B;A;A;C;C;D;C;E;-;D
138d1d24-0e06-4745-ba09-163e763ddf83;E;-;E;C;C;-;B;B;A;A;C;-
ca4af271-36de-4991-97b3-ff30b7ed4c32;A;-;E;-;A;D;B;C;D;-;D;C
44417ef3-02d1-4970-bf58-d52a057b46f6;C;C;B;C;A;E;-;B;B;A;B;E
0eb3c1a3-b17f-427e-a71e-35efa1fbe51f;C;D;A;C;C;E;C;D;A;A;E;-
d60821d6-102d-40d4-9d38-c0696025e1f6;C;E;B;B;D;C;C;C;C;C;D;C
65c8091f-54ba-404b-830c-87bdbdcb907e;C;E;C;B;C;-;D;E;-;A;A;B
bdd63915-0a1b-4137-a14c-657ffd90621e;-;-;-;D;E;-;A;E;C;A;D;-
db2ac15e-6b70-4455-ac93-f726a7e2eb3d;D;C;A;-;B;C;B;-;B;-;C;C
f817d0cb-f396-4983-bb7a-bae76a30b93a;-;E;C;A;A;C;-;E;D;C;C;D
b5081c01-b4d9-4c99-9f02-9e443bbfcb9d;B;E;-;A;E;-;E;-;A;C;D;C
63b5c896-68ba-49b2-9168-d800c88dab7e;B;D;C;D;D;-;E;E;A;E;C;B
c428bcc1-2c92-4bf7-b866-a48563280d83;E;E;C;B;E;A;E;E;B;E;-;E
225c663e-dde4-43f7-a88d-6ee3101aacb1;B;D;B;-;-;A;E;C;D;D;E;E
d0cf2b4b-080b-4e92-866c-1e63d433ed90;-;-;E;-;A;E;D;-;E;A;B;E
9f1f54c9-a357-45f1-9d25-9ba80e930119;C;A;-;E;E;B;E;D;E;D;E;D
d290ba30-bb52-499b-8e8f-249462afbed0;D;D;-;B;D;-;B;A;E;D;A;C
02b6c678-7f7e-457b-8203-89f068d6ab8b;B;D;D;C;B;-;E;C;E;A;C;E
3be5357f-bbd2-44ac-a628-914e3ff52728;D;-;D;-;-;B;-;D;B;C;C;B
b574dd2c-97ab-4b34-9288-af6c7ab4fc11;D;E;C;-;-;-;-;D;C;A;B;B
0a89bcfb-a997-418e-a44b-8c5cb21bdeab;C;E;A;B;-;-;A;A;E;C;A;E
679d60fa-3c74-41a7-a388-eef1c04b9054;D;A;B;D;A;-;B;E;-;A;E;B
fbd50423-71aa-4846-b03b-1c60b1457a90;D;B;A;E;B;-;A;-;B;D;D;E
183dd35e-3135-470e-906b-100eeed9c7a1;D;C;B;A;-;E;A;A;C;D;B;D
0069d81a-168a-4ba3-a4cf-90222de92dfc;E;E;E;C;B;E;B;B;-;C;D;-
2b68fd15-2ddf-429a-aeed-713d6dcf7d8e;B;B;C;-;D;A;C;-;B;-;-;B
9afad4c7-87bb-4429-9edf-721046e99ecc;B;A;-;D;A;D;D;D;B;B;-;E
e8ebe00c-46b6-42f0-9f86-fb97c1e9eec8;E;-;D;A;A;A;C;-;C;C;D;A
0741d71c-5ee8-42d3-a846-38f74ba903af;A;E;A;E;B;C;D;A;A;C;B;C
f3e6c29c-1417-4975-a2dc-2b2dd1f8485d;-;D;E;B;D;E;C;-;E;C;B;E
2b31336a-b55b-437f-9f3d-94988860bdc9;B;A;E;C;C;A;E;C;A;B;B;-
aa8f2063-d735-48d4-bb4c-b45986ab0bb3;C;A;C;-;B;E;-;A;D;D;D;D
df3df91a-c947-450f-a735-1dae367ae6ce;C;A;D;D;E;A;E;A;D;D;A;A
13e66c8a-660e-470f-bf37-9c30baa61ddb;B;B;A;B;A;-;B;C;A;D;C;B
b546343e-f5b2-40a7-93b4-f1f9ce21a206;D;C;C;D;E;C;A;B;-;B;A;A
f9103292-e481-43a0-997c-0dafb1567f4d;D;A;B;E;-;C;E;E;D;B;C;C
4ba3b527-5e3c-43ba-bc61-baa13c9c7fcb;E;C;A;A;A;C;-;-;B;E;A;A
f02826d5-f587-44bd-9383-1de9da7b40ad;E;D;A;-;D;-;D;C;-;-;A;D
3115c2a4-8bae-498d-a344-037220c30519;C;E;A;E;E;-;A;-;C;A;D;C
ef248217-6b21-4ad3-ad17-d90040c6a9b0;A;C;C;B;E;C;D;E;D;B;B;B
fa4961c8-7fcf-4676-a921-1a7bdadaf5ef;D;D;C;-;D;D;-;C;E;B;C;C
44037a78-ed2e-4745-bebf-aa3aa29a3b76;E;B;A;A;-;D;B;A;E;A;E;C
3ba42cc2-f8e1-4142-9673-d2abd0e1b4c3;D;D;C;A;D;D;D;E;B;B;E;C
57438340-4012-4dd7-9702-b26694b2f766;E;D;-;E;A;C;B;D;-;C;B;-
5753e015-0628-44c9-a8e3-9bb6c76998c9;C;B;C;C;E;A;E;-;A;-;-;A
51ff5ac7-2b23-4db6-8466-e04f9afca91d;C;-;A;C;E;C;-;D;A;A;-;B
0e353fbc-a181-4cf2-b8e8-fe378567f427;E;B;A;-;-;B;E;B;A;-;A;C
66804ad5-cc69-492e-ae6f-0909b5d042f4;E;D;C;B;-;C;-;C;E;A;E;D
00a4e837-07e4-481a-8a6e-96f8ade70f45;E;B;B;C;B;C;E;D;D;C;-;C
2f67a4cf-00c4-4b14-962f-f6a0af78fe23;A;E;B;B;E;D;B;A;E;-;C;D
1a178845-faf4-4721-be89-a2ec0a8328ce;E;A;E;E;-;-;-;C;A;C;D;E
8d8aa4ba-2495-4789-bf11-babe50e17977;-;A;A;C;D;E;C;-;C;A;A;C
af7649bc-3cb0-4db3-931a-5157775da7f5;D;D;A;D;E;E;B;-;D;-;C;-
eb45d204-1c0d-4901-91cf-fa38a9fbd2be;D;B;A;A;E;-;C;D;C;E;-;-
355cb2ab-fac8-46a0-9818-819977253cdc;B;D;D;E;C;D;C;E;C;C;E;A
75772bfc-99c7-4dc6-92b9-a9b516c66d11;A;A;A;B;-;E;E;D;A;B;A;C
6145e226-0dbd-4a6d-916f-6fe443d5a3f0;D;B;C;-;-;E;C;C;D;A;B;B
98484a82-ccfe-4b95-ad11-3891583b0144;E;D;E;A;-;D;B;D;E;E;D;A
d1cafc6d-d190-42f3-b571-d27145b4ffdf;-;-;D;E;-;-;B;E;A;E;D;B
e65404cd-fc83-459b-b1af-9d35390878f2;D;A;E;D;-;C;D;-;D;B;D;-
7f979ddf-efb0-4a30-a625-69a8ebbc8000;D;A;B;B;C;C;-;B;A;C;D;-
a12cb839-e098-42a9-8abe-27f372e3a382;A;C;D;E;C;D;B;-;C;C;-;D
69b59ff0-71e4-4111-ac25-399b6bd4e202;E;B;-;C;-;E;-;D;C;C;-;D
672091aa-fd8c-4df9-8a3e-aab2514e420e;A;C;B;D;A;-;E;A;E;D;D;A
6df9c40a-99dc-4708-95dc-07180ae53e99;C;-;D;D;B;B;-;C;E;D;D;E
9e79804a-4c76-452d-82f4-2c04a79c458f;-;C;C;-;D;D;A;A;B;-;C;-
a7e1ae7b-a731-492e-aff6-f8f17814ff42;A;A;D;-;E;-;C;-;-;B;E;E
65b547d3-08c9-4228-97fb-5f045ef26988;-;-;B;C;D;B;A;E;B;C;B;C
229f44ff-0260-4c45-a8ff-135e5569ffb8;B;A;E;E;B;A;-;D;C;C;E;-
a26d1b86-09a4-413c-b0c3-a91753c32979;A;B;-;-;A;C;E;A;A;D;A;D
e166d340-0b1d-41ce-9a29-60ac5c5ffce7;-;B;-;E;D;-;-;A;A;-;-;-
3749118c-ec2c-4636-8ed5-2b3acecbaeae;-;B;-;E;-;D;C;E;-;D;E;-
a2c66708-64c9-4628-b12e-7e6aa0bc020a;E;E;B;-;B;E;A;C;E;-;A;E
3a869d83-7373-4476-803c-9aea6dece7cb;D;C;-;C;B;B;B;B;D;A;-;C
f6b8f1e1-6b22-4bb7-9379-7a98bf534878;D;B;D;C;E;C;-;B;C;A;E;E
a6c7ca12-428e-4f22-9b23-a8c1b255228e;A;B;A;C;B;D;B;E;A;C;-;-
d7372d59-e35d-44ff-967e-729353aa5162;C;B;-;D;E;B;A;A;-;C;-;C
47ef0976-2bbc-43c1-ab9f-37cb0966691a;-;C;B;C;-;E;E;B;A;D;-;E
286a57eb-b2e6-4885-9974-94ba13b8322b;C;D;C;A;B;E;B;D;B;D;E;D
1c9d4c0c-92eb-4ba1-825a-0660b1779656;A;B;A;-;-;E;D;E;A;B;D;-
67588d90-10ba-41ec-bab3-1228383eca55;A;E;B;C;D;C;D;C;B;-;A;D
11b3efe3-a3fe-42fe-a2f3-e5ce7a4447a9;C;E;D;B;D;D;E;D;B;-;-;-
5822472b-860b-4b44-8393-2336d3661cb5;-;A;D;C;B;B;-;E;C;E;D;E
a5612ed5-0758-441c-88c3-d82c61c6a5a7;A;B;C;B;B;A;C;C;B;D;A;C
28cea5bc-a41f-4761-af71-acd7048457c7;B;C;D;C;D;B;-;A;A;C;A;E
346840be-13b7-4b29-b6ae-dcf08d99c468;A;E;A;C;C;A;C;D;-;B;-;C
05d0c716-e225-4d4d-a9d3-1b055bae79df;B;C;C;-;D;C;-;C;C;A;A;A
74d5ffbb-63e8-40ef-89eb-9e7fb636f909;D;B;-;A;-;E;B;-;B;D;C;E
d869bfd0-9cb5-44a6-b40e-aa86d0692827;A;-;-;D;E;B;B;-;E;A;E;C
a15156ba-0c93-450f-bf05-7af9f14b190c;B;A;-;A;-;C;C;-;E;D;E;D
2bce27f3-6e65-4ee5-bb90-c0e7dd74fc19;D;C;-;C;E;A;-;D;-;D;D;C
ab501a79-de95-47bc-8c9e-175f4a6a2bad;B;E;C;B;A;-;-;B;B;E;D;-
bf9430f7-06d1-41ef-b589-77b199593765;B;-;B;E;C;E;D;C;-;A;D;E
c78871f8-ac97-4cc7-8107-1c8566ca275f;A;C;-;B;C;C;C;-;A;D;D;-
51fcba41-3a4b-4c3f-9b72-9f877898c6ca;E;A;C;A;D;E;B;E;D;A;D;D
bdfbb770-5287-437b-a427-062a35170447;-;D;-;E;-;A;E;D;C;A;C;D
35acd521-d98d-4eef-b105-3699a697f3cd;A;E;E;E;-;A;D;D;-;-;D;C
da47efa1-8f75-42a7-9269-52317a2c1256;-;B;B;E;A;C;E;C;A;A;D;C
e5113278-c841-466b-a437-0f7d1af7f316;D;D;E;E;A;C;A;A;D;E;C;-
606ec3b2-dc3c-4625-8817-76b67677d9a4;A;A;E;E;C;E;C;B;A;C;D;B
6d025419-5ad8-4910-9aa1-a172d9db1672;-;D;-;C;A;-;E;C;C;B;D;C
2e526dde-359a-45e1-b6d7-6951c8d9b346;D;-;-;E;E;C;-;B;E;E;E;D
2cd4205b-62ae-46f8-aa9c-272e33ce7654;-;D;-;B;C;C;E;-;E;E;B;D
de0148a3-ba5a-4eb6-9870-23f40af4ba95;-;D;-;-;D;E;B;-;B;D;B;E
44eb3c8f-fbe5-48f3-9344-362291c5c4aa;-;-;B;C;-;C;C;E;A;E;-;D
3e0cc29e-5b7c-4aad-b034-e9a79e85bf29;E;E;B;D;E;D;E;-;E;A;C;C
7aeb4f49-3d85-4519-ba97-1858416b4ebf;D;A;E;-;D;C;C;-;B;A;A;A
733c8b14-8c13-4d7b-a75b-29ab27355f2c;C;C;-;A;E;B;-;-;C;D;D;C
2da67f60-d578-4c69-aa50-4b975e7dd2a0;D;A;C;E;A;-;A;C;C;B;A;E
fca1e128-580b-4b17-8bf6-54339334c6e9;-;B;-;-;B;E;A;C;D;B;B;C
bd8643ee-9529-4408-8c25-a8fbd36d09c9;A;C;B;A;-;D;E;D;A;-;E;D
c4717403-dc18-4543-ba6f-aff91f95db62;-;D;E;B;-;E;-;C;E;-;A;B
fad550f1-4767-4749-9808-6a84b797b420;E;A;C;E;C;B;C;C;-;C;-;C
2bb4db89-a708-4de1-b21e-f1e997a54d88;-;-;E;D;D;A;E;E;A;C;A;B
ade3eb80-59a5-465d-b028-8a65a719e194;A;-;C;C;C;C;C;A;-;A;D;C
e50b1db1-4c98-4e0e-b06a-7186f87c8cfe;A;B;-;D;A;B;A;-;E;E;B;A
f52619de-c310-4648-9c23-118e428478c3;B;E;A;D;B;-;E;C;C;C;D;B
733d76a6-f5c9-4bc1-be2f-2031ffef9856;B;E;E;A;A;D;D;-;D;C;-;E
2a95b0c9-c775-4479-972f-b91273e942da;D;-;C;C;E;E;-;E;A;B;D;D
1b973f37-8ece-49c1-800f-626ca427b21f;-;-;-;D;-;-;C;-;D;B;C;E
2ba515f0-0732-4870-a501-25ce53b0ba1a;B;D;E;B;E;E;B;D;E;A;B;B
0aa33275-603b-4314-bad2-85bd82e4c0c5;-;B;E;E;B;B;A;C;A;B;C;E
07f63680-38d0-4736-b5ed-3492436ae055;E;A;C;D;A;C;E;D;D;A;E;E
e0ce2fd9-63be-46b4-a8ac-438b2a0355e4;C;E;D;-;C;A;D;C;-;A;D;B
c2ec389c-d47f-4714-b2ed-e6574d631a89;C;E;B;A;D;E;C;-;C;D;-;E
6c4447f2-b95c-4af4-ad09-9468fd646386;E;C;B;-;A;C;C;A;D;A;D;-
f9d24afc-912e-4246-aa52-80306fc8cee7;C;E;E;D;E;B;C;C;A;E;C;A
94a7f796-4a6b-4d08-98b4-833d31ab8b39;C;B;D;-;C;B;D;B;B;D;C;D
f4e391d6-8d05-4cef-9f82-cc451bdaac09;A;A;-;A;B;E;E;E;-;C;E;C
7961b30d-0e08-403f-b7cb-c999b61c8435;C;B;C;C;A;E;A;C;B;B;D;B
b6d1bc6d-9ec4-428f-b3e2-10af0e15d277;D;C;C;E;-;D;D;C;A;C;B;A
6cb2af07-bbac-4649-8f74-e3d4d0fe8b77;E;A;B;C;B;C;D;E;-;-;A;-
5c898d8a-e5d3-4f99-ac85-de0dd312a5b2;B;A;-;C;E;A;B;B;A;A;A;D
5830bab4-e486-4105-a891-c29c5b776d48;E;E;-;B;A;C;E;C;C;E;-;E
4cceb895-6e85-43ba-a89b-8e1718e98a41;-;E;-;C;D;D;E;A;C;A;C;B
103f6181-b192-404e-9e5e-cd8977e545c2;D;-;E;C;E;E;-;E;E;D;-;A
5d9df644-cb68-4810-886e-974f89b56150;D;C;D;B;D;D;A;B;D;E;C;E
f740700c-045a-4f12-9efe-64d2cc5764ad;A;E;-;C;C;E;A;B;E;D;A;-
97a14c1c-8158-4976-9ce6-b85843efd5ad;A;B;C;A;A;-;B;D;-;C;-;B
4b21c694-f687-4aa4-a336-e42678db8b96;-;-;E;D;B;C;A;C;-;E;E;D
ceeb07d7-1c34-4964-8e42-4d3a48f05f68;E;C;C;A;B;-;-;B;D;B;B;D
11495c86-6ec9-4514-a1b8-78459804f93e;E;A;D;C;C;B;A;D;C;D;C;-
e58b1b0f-32f7-4c4a-9c7a-8a23d223464f;C;B;-;A;A;B;D;C;A;D;-;B
dea7f6eb-6e93-4c7e-9a16-f8b2ab5272f6;C;-;E;D;C;B;A;B;D;C;C;A
fb02a38c-7c0f-414b-a3ae-39d754edb1f3;D;C;C;-;E;E;-;A;A;D;C;A
bab64515-fd47-4bcc-b191-48455920fb9f;E;A;E;E;B;-;A;C;D;A;A;D
51c1aada-5534-4ef3-bfb1-2d721fa58d5a;E;B;A;D;-;A;-;B;E;B;C;B
f14c73b5-d0c5-4a05-9aa1-550d84f073e8;C;B;B;E;-;C;B;B;B;C;E;D
d9cb4d27-26e5-4ac0-8171-46e9885904db;B;E;D;D;-;A;D;C;D;-;D;-
df955b48-c2e4-45eb-a0df-42327cabdc4b;B;A;E;B;-;B;E;D;D;-;A;C
f7ce26a6-656e-44e6-86d6-b874bf577495;E;-;A;B;E;-;D;C;B;E;E;B
d9ac9042-2578-4081-9aa5-90b0b902cb7e;E;D;E;C;C;E;D;-;B;E;E;-
bba2d288-ea75-4954-b705-f471e23919b8;D;D;E;B;B;C;-;D;C;B;A;C
717eb4e6-c995-45ee-8f59-18ed62ee0687;B;C;C;E;-;D;B;C;-;B;A;A
7c42f1d2-9acd-4ef0-b4f7-146bdc491653;-;E;-;A;A;D;C;A;B;-;-;C
8b12d745-e469-4f68-bf66-777f205deb44;D;-;-;B;A;C;C;D;B;C;E;-
d887b14c-c868-42f8-956c-8e33115adcf5;A;D;A;C;A;B;D;-;D;A;C;A
2d83639a-b369-46f4-b638-a9a0f4ee8c3f;B;-;E;D;A;E;A;C;C;B;E;B
854e1b8f-1bdf-4cd8-86a8-0c8a28d530d2;-;B;E;C;B;A;-;A;C;-;B;B
ddda1a05-efa0-42ff-99d0-14ee23c08a94;A;B;D;D;E;B;D;B;C;B;C;-
09c9ca0f-9b6a-410d-b916-c1bcdf84b03f;B;E;B;E;E;-;-;C;D;E;C;D
81792e41-8891-4bd1-8cbe-3c3d44a9e398;B;-;C;C;E;B;E;-;D;E;-;B
e5ba7670-55a9-4721-935b-e50d36b500c0;D;-;D;E;-;B;D;A;C;A;E;A
ad41ca8e-8b2a-4de0-8245-b8fb082aaf48;C;A;D;-;A;-;E;B;B;C;B;D
536d0e8a-c4d4-48c6-8b20-aa2ce37723c8;C;B;A;D;A;E;C;E;D;A;A;D
2dd44f6f-0409-4753-983d-151423279f5c;A;A;A;D;C;D;E;A;C;C;A;C
f1957f27-0bb1-4553-8330-3c2e5534f231;D;-;-;E;D;-;-;C;B;-;D;C
4a7b79a0-2ce1-4a3f-91e6-ff61472ba755;E;-;C;B;-;B;C;A;-;B;-;C
454b819c-7022-474e-af46-fa6cb7193452;-;A;B;D;A;C;E;A;E;A;A;C
4ccc9490-9d3b-4b3a-b96a-6bab1ed0263f;D;B;-;C;C;B;D;E;B;E;A;A
406d0a43-1704-4d92-a98e-97364c978d5d;C;E;D;B;E;A;C;E;E;D;C;D
ab56adaa-2381-4d65-aae8-e080e3eacf0b;A;B;A;E;-;A;B;A;D;B;D;-
da935ddb-47e1-46b4-86e7-f7c7e120b0ce;C;E;C;-;-;D;B;E;B;B;B;B
c6350689-b5eb-44dc-b743-18b54604d48e;D;E;C;C;E;D;D;C;E;C;-;A
b2879dbc-cbc1-4275-b6fe-9b93e4aea8b6;-;-;A;E;B;C;-;A;C;E;D;B
705317de-a060-4772-bc0d-b70a5c9e4948;A;B;B;E;-;E;-;A;B;D;A;E
7de3ca5c-dca6-47dc-8c97-4d9456ee6f54;B;E;E;A;A;A;D;D;C;D;C;A
1e444c6c-a58f-435d-9ac0-916010c55590;E;D;E;E;D;B;D;E;A;A;E;E
4eb90690-3ea1-458a-a6d8-162cd3214d8e;D;D;-;E;D;D;-;A;A;C;E;C
6076e83a-61ea-4deb-82f3-7c6016f0beed;E;D;D;E;-;A;C;D;D;A;D;E
17ed5902-8fe2-4df8-84b7-72a8934d0177;A;D;E;B;D;B;-;-;E;A;B;E
39d5cb68-9b8a-4832-beb0-9a068d1b5d09;-;A;D;C;D;B;-;A;E;E;A;B
df307315-3c33-4ae2-93bf-a487a2d33c23;E;C;C;B;A;C;A;C;C;E;B;D
b8e0a168-4f1a-4a34-802b-6909c58c3313;D;B;D;C;D;E;C;E;C;A;C;A
f4857807-e007-4d41-9979-1f2d7c9012f6;E;D;E;A;E;A;A;-;B;C;C;C
fab5cebc-115e-448b-b706-3a38873dcff7;E;A;E;B;C;A;C;A;C;C;E;B
52ddafaa-072b-439b-aeb8-f24bd5d0c576;-;D;-;B;-;E;D;-;C;B;E;-
fd9583d9-47cc-4ca9-b6f7-80ea92e58f62;A;A;B;-;D;C;E;B;B;B;C;C
95961439-585a-483b-b380-d4e17f15d198;C;E;D;E;E;-;-;D;A;D;A;B
e6fa810f-7c0c-42a2-960e-af14e431c545;E;E;D;A;C;D;D;B;C;D;C;D
29872a03-5748-498a-84a9-ebd208e47116;A;C;B;E;A;E;E;-;-;E;B;D
f7fc00c6-f3cc-4b45-8b70-66415a9f20b1;A;-;B;D;-;A;B;A;E;-;D;C
505d3812-aa27-48b9-af0f-ad41b815be59;D;-;-;C;D;C;A;E;A;E;E;B
ed464e9f-7af1-4fb7-b308-e6f445be2cd6;-;C;A;D;D;C;B;B;B;B;A;B
b4df6eb2-cc23-4e7c-942d-105766b97082;E;C;C;E;-;A;B;D;A;B;A;-
1715468c-1ceb-4698-87c3-bce628ecba17;B;C;-;B;C;B;-;E;B;-;-;D
c21bb126-855c-4fb2-bb52-4a79159e2ac2;B;-;-;E;-;C;C;E;C;C;E;-
1cc5404c-61bf-4c34-9f5e-9e7d211ffbbe;D;C;-;A;C;D;D;A;-;-;D;E
bcc1ac7d-c971-4ed0-b6cc-2d40e0ab77fa;D;B;A;E;A;E;A;-;B;C;-;D
2bd005a2-0bdb-4f99-a461-2ecd600c67ab;B;D;A;D;D;E;E;A;E;C;C;A
ea5e9f57-bc00-4a8d-bb9d-6ed6e3ad48fd;E;C;D;D;-;A;B;A;-;E;E;-
0e1e8ed3-1e26-4223-abbe-6070fd049bb9;A;C;-;C;E;D;A;B;B;C;B;E
1494da28-5834-4181-95ee-7a2900bd52dd;E;E;A;B;D;C;A;A;D;C;E;-
46fc317e-3c8f-4b88-b966-5dbec5a5a61f;A;A;E;A;C;C;-;-;B;B;C;B
0a7b3ce8-750b-4bc2-a7ec-01989cb8a271;A;B;C;A;-;E;-;E;-;C;-;B
abfd443c-77e0-4ae4-8c4a-cc041b1d11bb;E;B;A;C;E;B;E;E;E;D;-;C
d2592005-6103-49df-9632-e86937533880;B;D;D;B;B;B;A;A;E;A;-;E
1cd8314a-fd1e-41f2-b2e5-8075ad8b7948;E;E;E;C;D;E;-;C;A;A;-;A
08e63fe8-abff-47ed-a91f-e79e5df809fa;A;B;D;A;A;E;E;D;C;C;B;-
9ca5bd63-5c3a-478a-8bb4-cfd9d7670d7f;A;D;E;C;E;A;E;B;A;-;-;D
6cd962a6-7dab-4431-967a-0b9ea2d5d3f9;E;E;E;E;D;E;D;A;A;C;E;C
84c16719-b8ef-446c-85bc-e842dd7aec18;D;E;B;C;-;C;C;-;C;D;-;A
e1d9966d-aaba-474b-8819-51d45e9ba96e;-;E;C;A;A;E;D;A;D;B;B;A
58f709cd-7f38-429d-890a-6a12e9a3c217;E;E;B;E;C;E;E;E;-;C;D;E
cb77f678-b236-41a9-99c0-6674e4dc4fa3;D;-;E;A;D;E;D;B;A;C;B;D
97d73096-9a80-4a0b-82ea-6a17a630f44f;A;-;D;D;D;B;C;A;-;C;B;D
1f2a1b56-2466-4994-aaf8-98dccd9e14e5;B;E;D;A;A;B;B;C;E;E;-;E
dc89e6cb-9d15-4e4c-b4a5-fe7bd2b78cc5;D;-;A;-;C;-;-;C;C;-;-;C
7c1a2e47-b6db-4e65-9e08-366438f17140;-;E;C;C;B;D;E;E;B;C;A;E
b46bb224-15c8-487a-9c47-149a813d395c;A;E;A;E;D;B;A;B;A;E;C;D
75211613-1cb8-4d5a-a2a2-7e0a60df1809;A;A;B;C;C;-;-;C;C;-;B;C
374e04ed-5b4f-4033-abf2-434d18ca49a0;E;E;E;-;-;C;D;C;-;A;A;A
ef4c09cb-0284-4578-bceb-574aaf9f1d7e;E;B;C;A;C;C;B;C;B;A;-;D
2fa8d0da-2135-4444-a78d-f1c3e3071bde;A;A;E;E;E;D;B;B;A;E;C;-
89bf728c-0683-4e30-8964-1a5d4d3c737c;B;-;C;C;B;B;-;-;C;A;D;B
414aa80b-4ff4-4463-ac9d-15e20e1821c3;A;D;B;E;E;A;B;-;C;B;B;B
00d346ec-63b3-47cf-b545-02e92a6c7bd9;D;E;B;B;D;A;B;A;C;C;C;E
adb6172c-d241-4f40-bef8-d01ccd91c71d;E;A;C;E;-;D;D;A;A;D;-;A
873a6d66-f057-4c73-a521-3228df6ce1e4;B;A;E;E;E;D;A;D;A;-;D;A
1e90f973-8b39-4cf9-bba5-f362473df1f4;A;A;-;D;D;B;D;D;D;E;C;E
443291cc-d648-49d2-8f32-88174dbfa208;C;D;-;A;-;B;B;B;D;D;D;B
56c3af4c-80cb-46da-b684-ead4c0bbc6b1;-;E;A;D;-;A;C;B;-;D;-;B
cd87f10e-ce6d-44a0-ae95-87f3e5d45439;B;B;E;A;B;C;-;C;A;-;-;D
fdfc9d0e-a6d0-4d18-9603-8d308ca06216;-;A;A;D;E;-;E;-;D;B;E;C
b978fdee-e9b3-4851-b4ae-d16e92979de8;C;D;-;E;D;E;-;D;D;A;B;C
c0543821-62da-458b-8264-276e666a234b;E;B;-;E;E;C;D;-;D;E;D;B
e2d683ba-21c0-4d69-90c6-ddc50f623845;-;C;B;D;D;B;D;E;A;-;A;B
ae95818e-2198-4015-8436-19b489a57ae2;C;C;-;C;E;A;E;E;B;-;D;C
123be70e-5e2e-40c9-bc2e-192c3c3382c1;D;C;C;B;D;A;C;C;A;A;D;-
870d03b7-6967-4977-a297-13efbef2ec9b;B;-;A;A;B;A;D;B;-;C;C;E
05d2df29-4025-413f-8188-dca834b8469e;-;C;C;D;D;-;C;B;E;A;-;E
a73ea1eb-c818-42b0-a06a-c709b0129e6f;E;D;D;A;A;C;A;A;C;E;E;D
33309006-6194-41dc-a078-473c48127405;C;D;E;A;C;A;B;B;D;E;C;E
957c0a32-b69f-4d48-b031-f863f5246676;A;A;A;-;E;E;A;B;-;A;D;E
eaadcff0-2cc1-4aec-8a1a-e4e9306399fc;B;C;B;B;C;C;C;A;-;D;C;C
1cee0bfb-cacb-4a6b-80e7-af628e764f82;D;-;-;A;B;B;C;A;D;-;C;A
f883f438-d9aa-4be2-876a-614532cac0a3;C;A;-;D;C;E;B;-;C;-;A;E
a6e65fbd-30a1-4502-a206-bd6139a7c9fa;A;A;D;-;B;E;E;C;A;-;E;C
df00ba78-4560-478b-a195-64c9102a24b3;C;E;C;A;E;B;-;A;B;C;A;B
d039cfdc-85e5-4117-a97e-0491a0c06a13;B;C;B;B;D;E;D;D;D;-;-;-
c1566efa-df57-4b93-bf40-c4da3fdd5e3c;C;E;A;E;B;E;A;A;-;B;B;C
d23b10f7-2dee-486d-95a3-8e15bf6971aa;D;C;D;A;D;E;E;C;C;E;E;D
c4181827-5ed9-4a2d-bfae-87e66642e965;-;E;D;D;-;A;E;D;D;C;E;A
ffce6706-98f9-4384-86ac-31915ccb9560;E;A;-;D;A;E;B;A;A;-;E;-
fac50a20-d852-4939-8363-272e280d409f;B;D;E;B;-;B;-;A;-;E;D;B
e144b1ad-1806-499f-b5e3-0f72b06a94b7;B;E;E;D;D;E;D;C;D;-;D;B
678f4388-7593-43e3-a038-cba11f86770c;E;C;B;-;-;B;-;E;B;D;A;C
016f7080-4d99-493b-9c40-d34072c81160;E;C;E;E;E;C;D;E;C;D;E;B
36646afe-83f5-4b02-893a-88d493031289;-;E;-;D;A;E;C;-;-;B;B;D
b42e91db-e23c-4b91-b3bd-0054e1a5c715;E;B;D;-;C;C;C;-;-;A;-;C
3a0ad1c0-015e-4273-b66d-caf78feb5429;-;B;-;-;C;C;D;E;C;A;A;-
5f6e1b8c-6008-48cb-9c19-9d42d578c586;B;D;D;E;A;D;B;-;B;C;C;D
5a9beca0-fb99-409b-b2a8-6d3e641ba302;C;C;D;C;-;C;D;D;B;B;E;-
b0c41432-14d6-499c-923e-458bc0a80fb2;D;A;A;A;D;C;B;E;D;B;C;A
b112a3df-783c-4180-83df-80034b29febd;-;C;A;-;A;A;-;-;E;D;D;D
2319d942-d056-4a43-8a7f-141853483e44;-;A;-;E;D;E;A;-;D;A;A;D
7150240c-ae14-4c68-864c-347d16758c79;B;C;D;B;B;D;E;E;B;A;-;D
8f3cf120-fc09-47d8-b1d0-9e341a0bc138;-;A;D;-;E;A;C;D;B;D;B;D
97113dfd-09f0-4cec-9781-e0868cefd86c;E;B;B;D;A;-;A;-;C;B;C;C
159899b0-9195-4f23-8d24-32a7fb8bd435;D;E;E;-;A;-;A;D;E;D;A;E
e1f35ace-5a44-40f5-a2e3-fed7f62b558d;B;B;E;A;C;E;E;D;D;A;E;D
86ee2fa9-93a1-4b39-8d66-4acaafbaf9cf;B;D;-;E;E;B;A;C;E;C;C;D
f244e3a4-05b6-4698-b8b7-17c59f6be5f1;C;E;-;-;-;E;E;-;B;C;-;E
7b2534dc-2373-412b-b419-8486f36a6d2e;C;A;D;-;E;E;E;A;B;D;A;A
ad6d99e9-1daf-457e-928d-f0ff11d8a7ef;C;A;A;D;A;C;D;E;A;B;B;A
f4cabac4-5a36-46f5-8542-4048b0df4637;C;C;A;E;D;D;D;C;A;C;E;-
a76c8a73-e7db-4aa9-8579-b84667453f1c;A;C;-;E;A;B;-;C;C;C;C;B
429f0111-5fc6-4be1-ad3e-4b24a94c487b;E;C;B;B;A;A;E;B;D;D;D;E
9abfc8e7-2b65-427a-94ea-9ff45a63f32f;C;E;D;C;A;D;D;A;D;E;B;C
b4e98daa-de9b-48cc-88b3-34f5f7c0bbe7;B;B;-;-;A;D;-;C;C;C;A;A
f7f1c422-0948-4302-9a7c-d9dd29d1846a;C;B;A;C;E;A;-;C;B;D;D;B
ffe7057f-c399-4f8d-99db-86f9299cdc32;B;B;B;E;A;C;B;C;B;-;D;-
2b84226e-9e0b-4da9-9104-5cc737c669ad;D;E;E;A;B;E;C;C;B;E;C;D
a84d05cb-b218-4173-a897-049d806e5c6a;C;-;E;C;D;B;D;-;D;D;D;C
6e94d53e-11a0-437e-9446-1de873d9a1f0;B;-;B;C;E;D;-;-;-;B;A;E
2e44ddcd-ec47-4207-b99b-2c4ff17ed35d;B;-;-;D;A;E;D;C;D;C;B;B
36ccf41f-5c2b-435f-8cfc-2e331f16fb49;-;E;B;A;A;C;-;A;-;B;-;D
27b7d943-5b8a-46e8-a0cb-a3735e143b66;D;A;-;D;D;A;A;C;A;D;-;B
09b80d6c-717f-477e-a44a-21e4b7a70516;-;D;-;-;E;-;B;C;C;E;E;D
7f81ee13-87ce-4471-8340-18e677dc08ae;C;A;E;A;E;E;D;D;C;E;E;A
c0ac6703-2857-4b6f-be4a-20c1e55be78f;E;D;D;D;E;C;B;D;B;D;A;D
e5a54afd-5745-4b4b-bd51-a2ae4089fb2c;E;C;D;C;E;B;B;A;-;D;-;C
1923acff-1db9-4269-b709-23f4e26c3312;E;A;B;C;B;A;B;-;-;A;E;D
2cc72502-0a33-4a06-a76d-13162c091731;D;D;C;C;A;A;B;C;D;C;-;B
4c0aa8d9-f386-4987-9bc1-e240d129c0bf;E;D;A;B;-;E;E;D;E;B;B;C
ea3972f0-2440-4bb2-8917-b67dea12aa60;A;-;-;A;E;A;C;C;-;D;B;C
aa893d30-91f4-4a1c-87b4-070b8a732b60;B;A;A;-;E;B;D;B;E;D;A;C
dce43f96-f5e8-4762-a54e-7f89a0d76036;A;-;D;E;E;B;-;D;E;D;A;A
5982cfb7-ccdd-48bf-85c0-4415c2944b0e;-;-;C;B;E;E;A;A;-;B;-;A
aff22777-36da-44b4-911f-183641c7cb10;C;A;C;E;D;-;D;-;A;D;-;A
10320d02-eda5-472e-8592-327f15355db9;A;C;D;E;B;-;A;E;B;E;E;A
37663105-dd4b-4da4-9fd0-0a163243dde4;A;E;D;-;D;E;B;B;D;A;D;-
409d75fe-f548-46a9-b535-57f06781d6d2;A;D;B;B;D;-;D;-;B;B;D;C
cb622e92-ec32-4978-8675-8906ddcf91aa;E;B;A;B;-;A;D;B;B;D;C;D
5ff3d4df-9e60-4d4c-8c4a-035ba7a2bf68;B;-;-;-;B;E;D;E;B;-;B;B
289a8ede-24f9-4612-82ab-8e0af5e179c6;B;D;-;A;E;E;B;D;B;D;D;A
b7bb4758-9914-4712-b052-d8fc3eeb1272;D;A;E;A;B;A;A;B;A;E;D;E
27b3b6f3-9a42-428b-8b30-6328ba1a3691;A;D;A;-;B;-;-;E;A;E;D;A
dbff5c7f-9694-4326-bf0d-510fd48866fa;-;D;B;B;A;C;-;B;B;B;E;C
cfbef5aa-aa88-43d2-8831-1aa4ab51bfb9;D;C;E;C;B;D;D;E;A;D;A;D
a5b451e0-f7ec-4b52-a1c9-369cbe17a8f3;C;A;A;C;B;E;C;D;E;-;E;C
1ffb2547-b429-47f0-8e83-c4a4e3057b65;C;-;C;C;A;-;D;D;D;D;D;-
a947b0b6-3848-4668-8cbd-2e66ea4498cf;B;C;C;B;E;D;E;D;C;C;D;B
6325f244-55ae-4e06-b6cb-22f996f7a0f3;A;-;-;-;A;-;A;C;B;E;D;C
bdb823ea-3fb2-472d-b56f-6ae743caa138;B;D;-;D;C;-;-;B;A;A;A;B
8ffb5cda-a998-4285-a5b5-31b21d6ad4bc;D;A;-;A;E;-;E;-;C;C;E;-
89154cc8-9d73-4101-a023-548f80865f12;D;D;-;E;C;E;B;C;D;-;E;D
3ac99d42-e203-41da-84ee-693777c5b9ae;A;-;C;A;C;D;E;D;-;E;-;D
a87adb6b-bf7d-4ab6-9113-8a12b0f587b6;D;B;D;A;D;A;A;-;D;A;C;E
cd29a81c-d8ab-4ff2-8e2d-fca12fedff78;D;E;E;D;E;-;A;-;E;D;A;C
9154f0a0-12f7-47ea-a9a6-90a519ef081d;A;-;B;A;B;C;C;E;E;E;E;E
85e653d4-24b9-4c5a-889c-159fb93d9275;C;D;C;-;-;E;A;E;E;D;D;A
eea51fa0-a061-4be0-b2d9-ba70810ff754;-;E;C;D;A;C;-;E;C;C;C;C
ba2dfafd-e03f-45f6-8be5-8b57c799efa9;A;E;D;E;A;-;C;-;D;E;E;D
708c698d-a3be-4642-aab7-748904adfe37;-;C;-;B;-;A;D;B;A;C;C;E
9607f4e5-8eb4-4a38-afdb-0f135445d104;-;B;-;D;E;E;C;D;E;-;B;B
edf382cb-6084-4436-90ee-b57c3dd5aaa9;A;B;B;C;-;C;D;D;A;A;B;B
efff169f-3472-4ba9-9a90-ac937ce05c54;B;E;C;D;A;E;B;C;A;C;-;A
7cb45442-9555-48a9-ac14-65fa280f8ec5;C;A;A;B;A;B;A;E;D;A;D;-
41096d42-5b9e-407c-88d4-ec7087c3099b;-;A;B;E;E;D;C;A;A;-;C;C
a4150089-3f38-4b51-a363-fe4810436af9;D;-;-;B;-;C;E;C;A;E;B;C
b15d93bb-652c-4621-a180-b02cf8199e93;E;A;D;A;E;E;C;C;B;B;A;E
86bdb8d8-a379-4198-8278-8da20db166ca;E;C;D;-;-;E;A;B;A;E;A;A
3744ae61-acef-49e2-94c3-bc8dc6268cb1;E;A;C;B;-;E;E;B;A;B;-;B
ff02f0b2-7b61-4d44-9130-1c63440b58e3;E;D;C;E;B;C;A;-;A;-;-;D
0c66c1d4-31aa-409d-9c79-02fa446e4fca;B;E;B;B;-;C;D;B;B;B;D;-
e77f8ed9-f682-4690-b894-4251ea861ab8;-;E;A;D;-;E;A;C;C;C;D;-
36acd121-cd1d-4979-b4ba-ed9828897d8b;B;-;-;C;-;A;E;D;C;A;D;C
26819e07-2666-4250-846c-c8839a60c4a3;E;-;E;E;C;E;E;D;E;A;B;D
dfe4859a-7727-4128-9acc-b2f6f0158b94;-;A;C;E;D;D;E;B;D;B;-;E
317657f0-4daf-42c5-8b68-72251a6ece7a;A;E;A;-;C;D;B;A;C;E;C;B
19d8c731-8866-45e4-b7c6-172d54810cd8;D;B;C;B;D;D;C;D;-;B;E;E
401d20e8-fa22-4a76-b9bf-23e7bd3aeda6;D;-;-;B;D;D;D;D;E;B;C;E
cb547c7f-81ec-44a0-aaab-8da2b76c9a01;-;D;A;B;E;B;E;B;C;-;C;D
5ceb6ab6-4cf6-4dd4-bad2-6a8af8b05561;E;B;-;E;B;B;D;A;-;C;C;D
b4989967-d7f6-478d-9daf-4718ea425dea;D;E;E;A;A;C;A;E;-;B;E;D
40fe2f1c-d8c3-4994-806b-bab28429440c;B;C;C;E;B;C;A;B;E;A;C;B
21fcc002-fbb4-44a0-a1a6-8be77b05bcfa;-;B;-;-;-;A;E;-;E;D;C;C
03666ff4-4b19-442d-83b2-44c890ca0dcb;D;C;E;E;C;D;B;D;C;B;C;C
58b395e8-aa22-4f89-808c-06e4180caf88;E;E;E;E;D;C;A;E;D;-;B;E
22c914a2-96fa-4081-a41e-b6362c965077;-;C;B;E;D;E;B;D;E;A;C;C
da7e970b-fa1e-47e3-842f-6253a72da87c;E;B;E;E;B;E;C;E;A;A;-;-
5b30cf56-2fda-4cab-ae51-2f863224f802;A;B;E;B;D;E;C;D;A;B;D;A
a5ae8874-9229-49b3-8287-63af4761f194;A;E;D;C;E;B;C;C;D;D;E;D
6e70c479-f704-4498-9346-e65b2a45c81e;A;C;B;E;C;B;E;-;-;-;C;D
11fec151-8924-4f4e-bd7a-da7cba491740;D;C;A;-;E;B;E;D;C;E;E;E
ccbdc3e0-84d9-48d4-9d8c-138e5810674a;A;-;E;D;B;D;B;C;E;B;B;B
18087766-0433-4cae-8fa4-8ceba3517f57;A;B;-;E;B;C;A;E;E;C;-;D
dd1c5205-eeff-48af-abf3-3919ff7c303c;D;D;C;E;A;B;E;E;E;B;B;-
4a05b08f-66f9-4bf1-a9ef-fd23fde4b859;A;A;A;C;A;B;-;D;-;B;C;B
9b445e37-29cd-4161-8887-b748c1c4e866;B;B;D;E;A;-;A;D;A;B;-;D
db6bd974-2645-4f4f-88ae-24cc7d0d2401;E;A;A;-;B;-;-;A;C;C;E;A
b563342a-ad2c-4b0b-8896-69c932028f55;D;A;C;C;-;C;C;B;C;A;D;B
12012abd-aeb1-49b6-92e3-073aba536f16;A;-;C;E;C;E;D;C;D;A;B;D
726774f0-6e06-4ce3-b5f8-54e87279be79;B;B;A;C;E;C;D;B;D;C;B;C
59c725e1-db9a-4c01-ae64-00f2f6e29668;A;B;E;E;-;B;A;B;A;D;-;B
d5d18f20-840f-4ddd-a91b-796acf87c9e6;C;E;B;D;D;A;-;C;D;-;E;C
7dbe10c0-5b9a-451b-b8c2-a3a1f7a32300;E;D;B;-;D;E;-;-;C;D;A;-
7f2fc2d3-f53a-4c9c-929a-9db5a0720177;-;-;D;B;C;E;D;-;-;C;E;B
bd4df4fd-904e-449d-ac8b-e334dcd26959;A;E;E;B;-;B;E;-;-;-;D;A
9d5e50ee-e1d1-4bb9-a72c-aaa125008e87;B;C;D;A;C;D;B;D;-;A;B;C
503ec767-4763-440d-9815-ce19a479ea64;D;D;D;E;C;B;D;A;C;E;-;-
47e4a355-cc24-4e98-b4a6-f2136eeccf8f;A;A;B;C;-;D;C;A;C;E;D;-
5cb75891-6df7-4579-b929-bf1c6dd7edfd;C;D;E;E;C;E;C;D;-;B;A;C
95a1aa7c-09cd-43f9-b6a2-f9c20c38173a;A;B;-;E;-;C;-;-;A;A;B;-
cd813837-3c41-4842-84af-a0c1fd45b271;D;E;C;D;A;C;B;D;B;E;-;D
5cd904ba-a7ca-4a4c-b685-fe03c8f3b9ed;D;B;E;A;-;-;-;B;E;C;-;C
bb22f7c1-4a65-44f1-9820-ee151860d0a6;-;-;-;C;B;D;B;B;-;D;B;C
7963d38d-04ca-4ea2-9b85-45097ccfe2cf;A;A;C;A;-;B;D;B;C;D;A;-
90663bbd-344a-438c-9c2a-d071dee708a7;A;E;C;C;B;D;B;E;A;B;-;A
2bc36001-eb4f-4029-a9ef-b861dae4e407;E;B;B;B;D;B;A;A;B;B;-;E
e5fbd544-3459-4c86-915d-edd70fef4d44;A;B;A;A;-;C;C;E;E;E;B;B
81014d08-ff4b-4ae4-aa79-8bfec0b8d1b0;-;C;E;A;E;-;B;E;B;E;B;D
1a8d2300-f857-4879-9d50-7cc9cdf5598c;-;-;C;B;A;-;E;C;E;D;E;B
3ec05d1f-9ea5-4da7-aff1-80746ee5e693;-;C;C;C;B;C;-;E;-;D;C;-
3e4a21d5-9351-43bf-a873-3d4d3ff753ca;-;A;A;D;C;-;A;-;-;E;E;A
ad7901cd-1912-4345-93b3-2273e0f33791;A;A;-;A;A;-;B;B;E;A;D;A
15964d1f-b53e-41c0-8db9-ab15d3ee0a86;-;D;-;E;B;A;-;-;D;B;D;D
5ffa72bf-2cab-4179-a893-cd2ec6939529;C;C;E;D;B;A;A;B;E;C;A;C
855aa057-ecd0-4965-882c-88d5750f4bfd;E;E;-;B;A;C;E;D;E;B;C;E
0e98dda9-137f-4747-a001-43747b2a5bed;C;D;C;A;E;B;C;A;C;D;C;B
a45e8ce5-6ef4-4c46-aab6-0f647df41a6d;B;A;C;-;D;-;C;C;D;D;E;A
854cd6f2-d8f4-4735-97a6-e5397244da9a;D;C;D;-;E;D;A;B;A;C;D;D
567e91fb-f2ed-4f92-91db-7c03a2b83f3b;A;A;C;D;E;C;E;C;-;-;-;-
79caea22-4052-4a0b-8624-d14a138a221b;A;C;E;D;D;-;D;A;E;A;E;C
23e67b4b-65ad-4c07-aa73-965df7b92c49;D;-;B;D;A;D;-;C;B;B;-;C
19e7a074-c9e7-43e3-8a12-484206beb172;C;-;C;A;D;B;A;E;E;C;E;D
9507b7e8-55d0-43a8-a4b0-36aa8c91ecbe;E;-;-;-;B;E;A;A;B;D;A;-
5e25e320-d313-4a5c-97a5-8c05614b911d;D;B;E;-;A;E;B;-;D;-;D;A
dc4f217e-fcfb-4365-b3de-d42214a830b2;B;D;C;B;A;B;C;E;C;-;C;E
2cafa85e-b6dd-419c-b331-484dc1e320f2;E;-;B;A;C;C;A;A;C;A;E;E
1d452f65-5056-4cdf-9877-10ca859390e9;-;B;E;E;B;C;E;A;-;B;D;E
5f0e88dd-a472-4dbf-932b-ab5a593b2d9a;B;A;D;D;C;A;A;E;A;-;C;C
86707ba7-e1c1-4d86-9b31-b3eec1c06b51;B;D;D;A;C;C;-;E;D;A;A;D
ba47c1ac-205c-4b44-a78d-35a2ea039388;E;A;B;A;B;A;-;-;-;C;B;E
895d1ec6-f525-4f88-880d-a23cf4139d59;A;D;E;A;E;E;C;E;-;A;D;E
8f05ab8b-bf52-4306-97ec-abba41091a1b;A;D;-;A;D;E;-;A;-;D;A;-
f0884169-be9d-4481-ad3a-7c63cb39c329;B;A;E;-;D;D;C;-;D;D;B;C
0519c346-4e09-431c-b992-61af862a6692;B;C;D;D;E;D;B;B;-;D;-;D
02aa49a6-4d8b-4f9a-919d-7c11bb46b613;B;-;A;D;E;B;C;-;C;B;D;E
501e2e19-650b-4eae-a404-7ba9419da12c;D;C;E;B;E;B;C;-;E;D;B;-
9b757615-fea8-40de-97c2-2b83b0bf922d;-;A;C;C;E;B;C;D;C;B;C;C
957c0e07-be65-434f-a43a-838ad84eaa4e;E;A;-;A;C;A;D;A;C;E;-;C
77345961-4515-49be-9a85-7719835a4ebb;-;C;-;C;A;E;C;A;A;A;C;B
b9cc263d-2e3c-4940-92f6-9edd7770c6bf;E;B;-;E;B;C;E;-;D;B;A;C
6570996a-0345-4049-b6a2-0fe74dd374b6;A;B;-;B;A;B;D;A;E;C;E;B
c5da0959-2822-42cf-80ed-a4a0411fc605;C;D;D;B;A;C;C;A;C;B;A;A
10c42efe-d493-42b8-8d92-f80cfee4b7a1;C;A;A;E;-;C;D;E;D;C;A;A
9f7c8337-2928-46eb-a177-b5ff16a13456;A;B;A;A;-;E;C;-;D;D;A;C
ae8bebf7-bd68-42e9-9b46-caa459c57fb6;D;A;-;E;B;D;E;A;B;E;E;D
d5d67bbc-6be8-4b5a-ba3c-a4dc589a9dc9;B;-;C;A;B;A;A;E;D;C;E;A
4a94c169-ce3c-4e3d-802a-7667d75cb54e;A;-;A;B;E;-;B;-;C;E;B;B
46d19793-7fdd-4b79-8255-95641760c39c;A;A;E;D;C;A;B;D;-;E;C;C
5c3be061-5524-4c96-953c-e9e8d5958090;-;E;B;A;A;E;B;C;-;A;A;E
830d6d47-b883-40d0-a1b9-e1b9f9e9ef9f;D;C;D;-;D;A;A;-;C;E;D;E
b93a986c-72a2-4d63-98aa-b8340b220829;-;D;-;A;-;D;A;D;C;E;-;A
fbacb643-aaed-454a-922a-04aa77a71206;A;E;B;E;C;C;D;C;B;C;D;A
5fab6483-e8bb-46af-bba8-244501954143;C;-;-;C;D;C;C;-;C;E;D;E
ca0558f6-6f3d-4c15-a2ce-c0f9b0fb5340;C;D;A;-;A;C;B;-;A;A;C;B
7be79939-05df-493a-8334-df4b27f03f49;-;D;D;E;C;E;A;C;-;A;B;D
9307d082-0cc9-43d3-87b9-5f29339c4faa;C;-;C;A;B;C;A;A;B;E;E;C
609f3d04-096d-435f-88cc-c8d0d4ccb0e2;-;B;A;C;B;E;D;-;E;A;B;C
8d40f9cc-7a26-41ee-a1b5-aeb2d21f02ef;-;E;B;-;A;-;E;D;B;-;C;-
25f67864-e3f6-4613-972f-f24d7a775cae;B;A;C;B;B;E;-;-;B;B;D;-
fab314ce-246b-42b8-b844-f75796c7dd13;A;A;E;C;E;E;C;-;E;E;A;D
8a9a45ba-4690-4a1a-95c2-07584169c61e;D;C;D;-;D;E;D;E;D;A;E;D
92227dcd-0a84-4169-a499-17e798648d8d;-;B;-;E;A;C;B;B;A;D;D;D
cf3bb10d-7a8b-4e65-ba89-1cbcf31c3308;C;A;A;E;A;E;B;B;E;E;B;B
c2e63e87-4ffd-4cc1-83a0-c3ec68eb41e0;E;D;E;E;-;B;E;-;-;-;D;D
79819cf7-1fd7-45b2-bbb0-80d3997d45be;A;A;A;B;C;D;-;E;E;B;-;-
b4e828d4-b831-4c2d-950f-f11aa12f0669;C;B;E;C;D;D;A;E;B;E;D;B
c14ea84c-18c3-45d6-8b35-9e7f4bfd474b;C;D;E;A;B;A;B;D;D;A;C;B
2a00274c-2e95-41f0-842e-14a4253b165e;B;B;D;C;-;E;C;C;B;-;B;A
e220cc8c-955d-44c6-a118-e7708f3ed78a;A;C;A;D;-;-;B;-;-;C;D;D
38179a88-37bc-4f5e-bbc1-742ad6aa491e;A;-;-;A;E;E;-;E;B;E;-;-
32884763-9252-424a-958f-23a87c63712d;E;B;E;B;-;D;D;D;B;E;E;-
d872cc80-faa3-4322-896e-0e9db78a2e39;D;A;C;B;E;C;E;D;A;C;C;A
da2c8579-57ff-45fd-bcc0-7411dae813d5;A;D;E;-;A;B;-;B;-;-;-;A
72518ab1-2107-4fd7-915a-a966e9335820;A;B;E;-;-;D;-;A;A;B;A;B
24bc21ea-137b-4581-bc5b-dad1fcbef001;A;D;E;A;B;D;C;B;-;C;C;E
9fccaeb4-e749-4db9-86b3-a094f75e4282;D;D;C;E;B;D;C;D;D;B;-;B
f4d6d49a-f75d-4b8e-970d-564142bf7662;C;C;D;E;D;A;A;A;B;A;E;E
849e321c-1994-4532-81e8-9df863c868cc;A;D;A;A;C;A;E;C;E;C;E;A
ee768eb9-8f21-45dc-83f2-05a9d4344ee6;E;B;-;E;B;C;C;-;-;C;E;B
3b8937bf-709f-45bc-b239-f064b53f4f40;-;E;B;A;-;D;B;C;D;D;-;B
2e33df9d-9677-447d-9899-317a84d3d0b5;B;B;C;E;E;-;D;A;E;A;D;-
53fa5f88-2928-40c9-89f8-a1c72bd47042;D;B;B;B;E;C;D;D;-;D;-;D
ea218ece-c9c7-492f-b08d-c235741a2675;E;E;C;-;-;-;-;C;D;E;C;E
2003cd8d-2258-4f1f-bd94-e6b4275f1a40;A;A;E;A;-;C;B;E;C;E;B;E
417f018b-1f80-435d-a822-0aee4b17f2a5;C;D;D;A;C;B;E;E;A;-;C;A
542d0676-c7e1-436a-862e-3e5eaba0fd80;B;A;E;C;C;-;-;D;A;-;A;B
bee59770-7581-42f2-bfdc-4e9206d40719;-;C;B;-;A;C;C;A;B;A;-;C
324ecc98-cf57-4ea5-85a5-b2ed2567b18d;D;D;B;-;B;D;B;A;A;A;E;D
2d2c4003-d928-4896-8aac-08df7fd8369e;B;E;A;C;-;E;-;-;A;E;B;C
7c46dca3-6a3d-4907-b2e6-c5ac0690ff91;-;A;D;B;E;B;D;C;-;E;E;C
891803a5-deb9-4d8f-998c-1b40bb6038fe;D;A;A;D;E;D;E;B;E;B;C;A
171d6f71-8582-46b1-8fb0-94cc0f538f1d;-;A;B;A;A;C;E;D;E;E;B;-
cbab5701-d547-4dec-9f63-242afb13474a;A;B;-;C;E;E;-;B;E;B;A;A
8eca64fb-7328-4a57-a42e-e8286f120032;D;E;B;D;-;C;-;B;-;B;-;D
fcdbbd08-3b11-4248-9821-6fc6c9c69b29;D;B;B;B;E;D;D;D;B;A;A;C
a1ee0bf2-fae8-4481-923d-4557ef179e39;-;A;B;A;C;-;-;E;C;-;B;-
77bc1617-132c-4831-bd17-4b804f5c9c93;C;E;D;C;C;B;D;A;B;D;A;A
24ae6077-5fa5-481c-b7ed-c927f9ff2e5c;E;B;C;D;D;E;-;D;E;E;-;E
fa18dfd9-341f-43b6-9d5f-a3e4ca54609b;B;D;-;B;C;-;A;D;-;D;B;A
216548bd-84d6-413b-bdc8-c8c2cc247eff;D;E;E;B;C;D;C;A;C;D;B;B
d30119e8-8fa7-4780-b111-6319ab25ee42;C;D;-;C;C;C;B;E;-;E;D;B
35627f4c-b0fe-4ee2-a3f3-0f5226722627;C;-;E;C;C;C;C;B;B;A;C;C
53077242-6260-4610-b7e9-37a738fbfeea;E;D;E;E;B;B;A;E;A;E;C;C
269d73be-1cc2-4e38-b86e-e27f79f826ca;-;E;-;D;C;E;E;D;B;E;A;A
6e8ce237-cc4c-41ba-8cbd-9fe8704d6a7a;D;C;A;C;-;E;B;A;-;-;C;D
90728dff-4090-4dbb-bc87-84908744ca33;E;-;B;C;-;A;C;C;E;B;E;B
0d799b66-1fa2-4f72-8d90-57f0e22c9bed;E;A;D;-;-;-;-;B;C;E;-;E
1ca03f28-45de-41d2-9c6a-2241972961ff;E;-;E;B;A;E;E;C;E;E;E;-
b36d7b18-8dd5-4bba-aa94-5972de8a91b2;B;E;E;A;B;B;C;A;E;C;E;D
99ca8ab7-ffc9-4d7c-84f3-cf2b572ba78a;C;E;D;E;B;-;C;B;E;B;C;-
24406f5b-2727-407b-bbd0-7f3e15527d56;D;E;D;-;B;C;B;E;D;D;D;E
cb3bf7a1-1a11-4b91-94d7-e936ee474894;A;C;D;C;E;A;-;D;-;A;C;-
e34c9e51-e6aa-4b2a-9aca-073914e74fb7;E;B;E;A;E;D;B;D;D;A;A;E
d7a31b26-f85b-42d8-aa45-7089cbaede60;-;-;A;-;C;E;-;B;A;A;C;A
f91892ff-e2cc-47eb-b04b-58c20599b006;B;E;B;B;D;B;-;C;-;D;B;A
94b015a2-f865-4a0b-9f27-fbb86d14704f;A;C;D;-;E;C;-;B;-;-;D;E
2fcbd68f-2430-4cbf-91cf-e74cbcd0a618;C;A;C;A;C;-;A;-;E;B;C;B
5e67ad0b-1fdc-4579-b0fe-edfcc1ee1fdc;B;B;D;A;-;A;A;D;D;C;B;D
fe6d0c51-ed40-4fe0-856b-0c0e791ea4b4;D;-;D;-;C;C;-;A;C;-;-;E
27d4b2aa-3dc9-4be0-a842-ad80d6132e93;B;E;-;A;-;D;-;B;B;A;E;-
eae56344-9ef8-49e5-aa19-c7e531f539b1;A;B;A;A;D;C;B;A;E;A;B;E
47337590-ad8c-40f9-9a5d-0c78829a9370;-;A;A;B;B;C;-;E;E;B;B;B
1e2e4ffa-be2d-49f9-9c2f-06190b54937e;-;E;B;D;A;D;C;D;B;-;D;E
e594f87b-4cd6-4817-937b-7f3d7058bc28;D;D;D;A;B;B;D;-;D;D;A;D
d54772e5-1cd8-4889-aec7-553cabc9f1db;D;C;A;E;E;A;B;E;B;C;A;-
09d4d377-5cdd-414a-82a8-f46f6f1a86fc;C;C;-;E;C;E;-;E;B;D;E;-
a7650ad3-0a70-485e-9db9-ebe6d7f3979d;E;-;B;E;A;E;C;-;B;C;D;B
e96ca35f-9e4f-4379-8b0b-419ac1275677;A;D;D;-;B;B;-;B;D;E;A;E
684f5cb3-81b3-4721-b6ea-d9a2249e3749;E;-;B;E;C;A;D;C;A;-;C;A
68d2e070-6143-461e-bfa8-850796873207;A;D;A;B;-;-;-;B;A;A;A;D
222aa180-2fff-476f-b978-95d626a33539;B;E;A;B;A;E;E;E;D;D;E;D
aa2d9302-57a8-4f86-b942-d4ae7ae2c885;A;E;A;B;A;E;B;C;E;E;C;B
9d89af35-f5aa-4ff3-bc4a-3617b75dcc0f;D;B;C;D;A;D;C;A;-;-;C;B
a34c137e-804d-48c0-b6fe-65c224c24ae5;B;-;D;-;D;B;E;A;E;D;B;A
abe681cc-4a5c-4d60-b983-47b4c2deed7c;-;B;E;E;-;E;C;A;-;-;E;C
65eb0694-4566-43d2-865c-ab065565349e;D;A;B;E;-;-;A;C;A;C;B;D
0234eadb-db62-451c-8158-5ecbdc8d6b4f;C;C;C;-;B;A;B;D;E;B;-;-
eb88dcf9-a7df-439a-84da-df9b375fe2fb;E;C;A;A;B;C;E;E;D;A;C;A
c55f7a72-9ff5-4c19-ae91-9a33d89f8bd7;-;B;C;D;E;B;D;E;-;A;B;C
826d2850-8ade-4e91-9496-b5c8f0daf987;A;B;A;B;D;C;B;C;D;E;C;-
be88bbad-8814-45c7-9215-6e986b76efc3;-;D;D;-;-;B;C;C;D;C;A;A
6848678a-8b35-4655-8abc-6511425209cd;C;B;E;C;B;C;-;C;E;E;E;C
3143b822-f4ab-4160-82e9-ea8aeb0b0a7c;E;-;B;E;D;D;-;-;-;D;-;B
4625b89f-1ad8-43ae-95e9-121ca51dc607;-;B;D;A;B;D;D;A;-;E;E;B
f0050f99-98d2-4ff5-9995-2f26afe7418d;A;-;A;D;A;B;C;C;B;-;C;B
51ec9ec0-49ee-4805-a039-29f62778f4e6;E;-;-;B;-;B;D;C;A;D;-;B
a82fd22a-f0d1-420f-b8b0-8584ff9e2977;-;-;A;D;C;A;-;A;E;A;-;-
c976ceab-447d-480b-bb8e-87e21f3480a9;D;D;D;A;D;D;E;E;D;-;C;-
ab1887e6-ecf9-44a3-956d-ba728b3f2b0e;B;D;C;C;C;-;B;D;C;E;B;A
c99e104a-89f2-4f8c-a159-66fad5e1f493;-;A;-;E;E;C;-;C;-;C;B;C
989c5a2f-02ac-4122-848b-b263a54bea7d;D;E;D;A;E;D;C;-;D;A;C;-
4e34bb5a-574a-4a4d-bbd2-2f4be6818b1e;E;A;B;C;C;B;D;E;C;A;D;A
c9b7349c-d8a8-4ffe-bd20-e6eb96eb3a94;-;B;C;E;A;-;E;D;-;C;C;D
3f9510f7-adc1-4612-a5b9-e417ebbd47fd;A;E;C;A;-;B;D;D;-;E;C;B
3b4bb452-8a33-406c-9307-19fa6f1b74ce;C;-;B;C;A;D;A;A;-;C;D;D
1bbad7bf-8ef8-4393-b8e3-434530b52394;-;D;D;B;E;E;A;A;E;B;D;E
e5aa9914-9dbd-4573-8624-4a86ad629c96;D;A;A;C;E;D;E;E;E;E;-;-
7248c43d-85cd-4815-8e30-e98074aef7ea;B;E;E;A;C;E;D;-;C;B;E;C
7e05b98d-d9e4-4735-a1cb-bf46aefc442b;C;D;A;E;-;C;B;B;-;D;E;A
addc88c2-ddc4-4efc-8b66-25913f6b4b4e;-;B;B;D;B;C;D;D;D;B;B;E
f9762719-8f97-4de5-97b8-40822db36480;A;A;C;C;-;C;A;A;D;E;C;D
a5637244-57b9-4525-932d-1863983c6a90;A;B;D;E;E;D;-;D;E;B;C;E
654d910a-5c49-44a2-a4a7-231cfc86d03a;D;E;C;A;D;E;A;B;C;B;A;-
abd76337-76f8-4a71-b4b2-db764c3abf39;-;A;E;D;C;C;C;C;A;A;B;B
f4ad6ed4-6d29-4c86-b433-300f9e32c4fa;E;A;-;B;-;B;E;E;A;C;D;B
1229c3b2-0cab-431c-8ffb-32f37b5cebad;-;A;D;A;E;A;E;C;C;C;C;C
e8996335-3f39-42b1-9357-894630265f95;-;E;-;C;C;-;-;A;A;B;B;-
12aea6d8-b224-4ea8-b986-4aaae7c6b4be;E;E;-;-;C;D;A;-;E;B;A;A
b3994211-ce7b-45c4-b691-f0c5bd5a1744;A;C;-;D;B;C;C;B;B;A;B;D
42a1efef-507b-4669-8405-fe314b2b00a8;D;B;E;C;C;D;A;-;C;C;B;B
cbbc982d-f8e5-42c8-9b89-cf8bcd0943ee;B;E;E;-;D;B;C;B;B;B;D;B
6faf146c-43fd-4db1-8443-e6a0275a5009;D;A;E;D;C;D;D;A;E;E;A;D
8152ba72-ae81-4cb8-80c7-c02eeb219c00;-;C;-;D;C;-;D;D;-;B;-;C
423cbb06-fdb3-48d8-9d70-5096a3ea8c63;D;E;E;-;B;A;C;-;D;D;-;A
6c511d8e-6d33-46d2-8525-f1ddfae0ff26;C;C;A;A;B;E;C;D;B;B;A;C
949e0e1c-0374-411c-9644-b44988a1a0b3;D;A;-;-;A;-;-;C;C;A;C;E
cfe7a714-4490-41ce-892f-054658b48cf7;B;E;-;-;-;D;B;C;-;A;C;B
c47614d9-52bc-4c86-a310-b5c2ef7c986d;B;E;-;A;C;A;-;B;E;D;B;B
8a505a3b-151d-4a1d-9413-b500ad3034a1;A;D;C;D;E;B;C;D;D;B;-;A
f367fa58-d2a1-4221-a3cf-a73fcef35128;-;-;A;A;B;E;E;E;C;C;-;-
e163bafa-7874-4857-adf0-6ca800b60faf;C;-;A;C;E;A;E;C;-;A;A;A
e47693c3-f2ca-49ac-9a10-8765f92965bf;A;-;B;C;-;E;D;-;A;E;A;C
fe72be6d-e37d-439a-8a0f-cfde6dc12fb9;A;A;E;C;B;-;A;D;C;A;B;C
4838ffee-6a75-42bc-b1f8-7d7c1d1201a7;B;D;D;C;D;-;-;B;-;-;B;-
326dbe09-5ae8-40aa-800f-2785371b6344;B;D;B;D;D;C;-;C;D;D;B;A
65e98fd5-c454-4a7a-8dbb-83b71ab3013d;A;A;E;D;D;B;E;A;C;A;E;D
718f48d1-e813-4996-ac44-c95799d0ec8d;C;B;B;E;A;B;D;B;D;E;B;D
596575f5-6c88-49da-9fec-57f1f0591bfb;D;-;D;E;A;C;E;E;E;-;E;-
4f71702d-5502-46ed-805d-4f45e211e1f5;C;D;A;-;C;D;B;C;E;-;C;B
2e6f28ca-84d0-4429-ab0a-76397962d22f;C;-;C;C;D;-;A;B;B;E;E;B
75c28ba8-d78a-476f-adba-35d8e871f188;E;C;B;A;D;E;C;E;E;E;-;A
62cfe533-bc10-4745-ab72-836bcb34eb32;A;C;B;D;B;B;C;C;B;C;C;E
7215e255-3117-4c96-b54f-66754ea80346;D;C;D;-;-;-;D;-;-;C;A;C
a0ea7cb3-ff0f-40f7-b3f1-d37ab1cb4832;C;C;C;-;D;-;A;D;C;C;A;A
a73a4462-a989-43a0-b2b9-3f2dea0fae04;E;A;C;B;B;-;D;D;D;E;D;C
a3f43e2c-4604-4b25-b0d5-49cfd5376a02;D;A;B;C;-;A;C;D;B;D;A;C
634e6219-b18e-496d-90a6-c48a87a6e865;B;D;E;A;D;D;C;-;-;B;A;A
c7ad0178-72e9-4b3f-bef0-85d707bcc53b;-;E;B;E;B;D;A;B;E;B;-;-
07ceffd5-52ab-4664-9102-53568b280589;B;-;E;D;B;D;C;-;C;D;D;E
75322eb4-4872-4f64-8ccb-c12d7ef747df;D;-;C;-;D;A;D;E;C;A;D;B
81bd7b54-c494-4eef-8a1a-c0b8f4d74582;E;C;E;-;-;E;E;C;-;E;E;C
9b9ef1e7-65f0-48f0-a1eb-ed19e674d4d0;D;A;E;E;-;E;-;A;-;-;-;-
d98826a4-d54f-4b66-a1cf-78120d05db5e;A;C;A;A;B;B;D;E;C;C;B;-
cd01440e-f3f4-4447-af3d-8b6c6a79d3f2;D;D;D;D;C;E;D;-;E;A;-;B
692f35e8-9d9d-4f1e-b5ed-7245bf9a67d5;D;E;B;-;A;A;-;E;-;-;D;B
f491171a-b270-4880-aa29-7f996cca9e3c;A;E;B;A;A;A;E;B;E;C;A;B
bea46f7f-bd96-4b6a-b8b3-665150cda19d;-;A;B;D;B;-;B;B;A;A;A;E
762b0b56-bf2a-4b63-bac3-f00b248d1d1a;D;A;C;E;A;-;A;E;C;D;B;B
e97e541d-64ad-40ce-af16-4ad82cf54280;C;-;C;-;D;C;A;A;E;-;C;B
25ef241f-5a7e-4ec1-a846-935d9749291f;D;-;E;D;-;D;C;-;D;C;-;B
702f76d4-dd60-4f9f-963c-5ef431bf6dee;B;-;A;D;C;B;D;C;B;-;A;E
21e54fb7-7bd0-4890-a5fd-f114473daac2;D;-;B;A;E;C;A;E;B;-;B;-
ae787b99-ec8c-45cb-9e18-bfde8e33b7b9;C;A;A;B;A;C;E;D;A;C;E;E
5e151d5f-e239-45af-bd20-5086632600f8;-;-;D;B;B;-;B;C;D;-;B;E
b4a6de49-b93f-4f34-bd79-90145252f001;C;-;D;E;D;B;-;D;D;C;B;D
4fc7cd16-4c30-4d9a-a86e-18b1baca450b;-;E;E;-;B;E;C;D;B;B;C;A
acfe9407-57d7-4452-93b6-2f7ba0ecb1b9;D;E;D;-;-;B;B;C;C;A;-;A
5415cd4c-2490-4982-b675-0ff5f14d7efa;-;B;C;D;A;B;D;-;A;-;-;A
9d2d03b8-c5a0-438e-a144-f002e4b8fea6;C;A;B;A;B;B;A;-;A;-;A;-
3a6488a1-fa4b-46a8-a2d5-1830cfc8b55f;B;E;E;E;C;D;E;E;A;B;A;-
549db0f7-8c65-4b6a-9271-fe3e00c6f1b8;A;A;A;C;A;-;D;-;-;D;C;B
ce7d68d8-3fe3-405e-8ee2-e4021f59ad8b;B;E;D;A;C;-;A;D;C;C;A;C
88585021-50f7-44ed-8597-5ac7e7c9f664;-;B;C;B;A;D;B;A;-;E;-;E
484b0507-cb99-42a7-83c8-be936dfff66f;C;D;-;-;A;A;D;E;E;C;E;C
d500ccfb-dacc-4338-8519-6a534ad7eb68;D;A;C;E;-;E;B;D;C;E;B;C
2e8cc243-0ddb-47af-b1aa-dc1bc58c69a9;B;A;C;E;A;A;B;C;B;A;A;B
eff3a96d-f598-4fac-9451-a36e89c3302c;B;C;E;A;B;C;-;C;B;-;-;D
f86e02ce-0b18-4cd1-b0ec-d5b1df094958;D;E;E;B;-;D;C;D;E;C;A;B
7c4d13fb-5989-4434-9ce4-68df7548c677;B;-;E;D;-;B;E;C;E;E;E;-
fee19eee-c3dd-4a43-b018-4d6f89ec936f;-;-;E;E;E;B;C;C;D;C;D;A
8b380f66-c258-4a28-8b69-92a99c9b470a;A;-;B;E;D;-;B;A;C;B;D;D
be76c753-f90a-4554-a88b-0b2aefca1b8e;-;B;-;D;B;D;C;D;D;E;C;A
aca92acc-e998-4318-b0d2-64dcd98dc46d;C;B;A;E;C;D;E;-;-;-;B;D
e45866be-67d0-4b45-9f0e-1d6248e04b46;D;-;-;A;D;-;B;E;C;C;E;-
135d3b04-8a40-4475-8ce4-356f09bba692;B;D;C;D;D;A;C;C;-;C;B;C
2dd98285-1db0-48cf-bc97-0f8820fc831a;-;-;A;E;B;C;D;A;D;D;-;A
6cd26e00-56ee-42e2-8084-eff2ffabe6e1;B;E;A;A;-;-;-;A;E;D;B;A
951c7937-66ee-416c-93bd-fbf413e7fece;A;B;D;C;-;-;B;A;A;C;C;E
7d82ab1d-4f43-4f51-9f6c-b055d45b10ca;C;B;B;A;A;D;D;C;C;D;A;D
5f616b42-1133-44f1-9afc-f3fd769a23bc;E;E;-;A;D;A;A;B;E;A;C;B
e2311f61-a78b-4fed-96ad-2b2483036267;E;C;E;-;D;E;C;-;B;A;C;C
1f13b2be-7773-469e-9933-2ce725edb65f;-;E;B;D;D;B;E;-;B;D;A;E
359769a9-00b3-420b-94d0-13072ecf1496;A;A;-;C;A;D;B;B;D;C;B;A
4ad273af-4ad8-4c43-b5e7-b69fad4752c8;-;D;A;C;C;E;E;D;B;D;A;E
e61af902-e924-4191-a668-5d8872e58406;C;B;-;B;D;C;A;E;C;B;C;A
c91f135b-893d-4649-af48-e7005d537439;D;A;C;-;-;A;D;B;E;B;C;C
3ebb42a1-c82c-4dfb-adb7-389f0e1837dd;E;A;B;D;E;B;B;D;D;A;-;B
cfa5ffdb-cecd-43c0-b4f2-ddde5dbcc5a2;-;C;E;B;B;C;C;A;E;-;D;B
2935e237-33b6-4bfd-bfe3-938ce42957b8;E;C;D;D;D;C;-;C;D;E;B;D
29d12cff-8faa-4627-94df-048812b4ccaf;A;-;A;A;D;C;B;B;C;-;E;B
c89029c5-289a-4622-b00d-9dca969dc073;B;D;A;A;-;A;E;D;-;A;B;B
22fded03-b2bf-433c-b99f-bf1d399237af;C;B;E;A;-;-;A;A;-;-;-;B
33db4c40-10bc-4a68-afb8-62803752f306;E;C;-;E;D;E;B;E;C;-;C;B
21a66ead-698a-4265-80b8-cb6e9776c678;D;A;E;E;C;D;-;A;A;C;-;A
1b7c9738-7610-4f22-bac5-317583de13a5;C;D;C;B;D;A;D;A;B;-;-;-
c4c076e9-814d-4945-a6f6-56396163c254;A;E;E;B;E;D;D;E;D;-;-;B
52535bb9-f18f-46f1-ba24-182cd80cd654;B;B;A;E;D;-;E;B;A;-;A;A
d309bdca-eb33-4bf7-b1b9-03393214b3e0;-;A;D;C;C;-;-;C;-;A;D;D
ca803f9b-94ca-46aa-8442-8d132c44b324;-;D;E;E;E;B;B;B;D;-;B;C
826ce980-79e8-48f5-bdcd-8852637f15f8;E;D;C;D;-;B;D;-;E;-;B;D
bd4b19ab-3045-410d-9e7e-f039476a9f3f;A;D;B;A;D;B;E;D;D;E;-;B
98e38a43-92c8-4da9-8b4d-e509f505010d;A;E;D;B;E;A;B;-;C;A;E;A
626efd56-1b32-4d38-bad0-a11ca6d93818;-;D;A;C;-;D;-;A;B;E;B;A
2c320471-bd58-4b31-8add-dfda648bb0ee;D;-;-;A;C;D;A;D;D;C;E;A
838c2d74-6fd3-4fb6-8121-35efa03917e6;B;D;C;B;E;D;A;B;E;C;B;D
e803d8e7-cf8d-428b-9f97-b2c065dbabc2;C;D;E;D;D;-;-;D;E;D;B;B
12296ef5-5f33-4121-9b7d-310c745d1d46;C;-;E;-;E;E;C;B;A;E;E;D
d6410c8c-9891-477c-b784-cca565a7ad74;B;-;C;A;E;A;A;D;E;-;E;E
e429271a-fe91-4ca4-81bb-1160f5642cc9;A;-;-;D;A;-;B;-;B;B;C;B
1a742f67-e8dd-4b57-bfbe-16adde24da2a;E;E;-;D;-;A;E;D;E;E;E;-
49b976fa-3b83-427a-8004-a6519c89a7d2;B;C;-;D;D;-;D;E;C;D;-;C
18325b30-deea-44c8-9509-02260fe88ee6;C;B;-;C;B;C;E;-;D;A;A;B
8d917058-de70-4eb9-8ed8-f23f277413b0;E;B;B;A;A;E;-;E;-;E;-;B
b19e290c-e092-4739-96a0-df65322a48da;E;B;C;B;D;A;C;C;A;E;B;A
3002955d-742a-402d-85a9-f6298fd029a5;A;-;E;D;D;A;-;D;D;-;B;B
78f7d424-819c-48be-895e-010c00f8d71a;E;E;A;E;E;A;-;C;D;B;A;D
31fab0a0-2135-4fdc-afa7-f8b48f4697b6;D;A;C;A;D;A;-;A;A;E;D;A
dc6f4eb2-dc86-4f62-8804-4b95b823688a;B;C;C;D;E;A;A;D;-;E;D;D
2c6d394c-aba2-47f2-85f0-7b910dba941b;D;D;E;C;B;C;-;C;E;C;E;A
27e3ba4d-9b7f-412f-a29e-ee391808d59c;-;E;A;D;C;C;C;B;A;D;A;-
9003658d-76fa-4fcf-b466-038f7e7084b6;D;B;B;B;C;C;E;D;E;-;-;A
969e6884-b757-4136-b8f8-4223a5193bea;-;B;D;C;E;-;-;-;B;B;D;-
483ff3d7-66f7-4dc3-becf-10421c12c67f;C;C;-;-;B;D;A;B;B;E;B;-
36c5cea9-53b8-450b-b337-4ad9d20a453d;A;A;C;D;A;D;D;-;A;E;E;C
218d66c3-ab2e-4b97-ba57-7bbfa5e02e1f;A;E;D;D;C;B;E;D;D;E;-;E
2ca2426f-fc11-40d4-aa3e-15165bdd190c;B;A;C;-;C;-;C;B;B;E;C;-
cc3b0568-fd2f-42de-b483-da5794d3be81;D;-;B;C;D;A;B;B;-;C;A;-
1edfe58e-abc5-4313-a92c-92ab523aa536;B;C;D;C;-;-;-;D;-;E;A;-
2650f63f-0244-4dc3-a7f5-d834a4a208e8;D;-;-;E;C;A;D;-;E;A;C;A
6e900009-c914-4efc-94c7-d73745d9fc49;-;E;D;D;-;B;-;A;D;D;D;D
b4bab1e6-8e69-485f-8652-a5249d466b2a;D;B;-;-;D;-;-;C;A;D;-;E
c7c1c426-7e1e-4fbc-9ffe-779337ef6b41;-;E;A;E;-;D;A;B;B;A;A;C
c45413af-e083-4d28-89aa-713902acae3d;B;E;B;C;B;A;B;C;B;E;A;C
40c7e6db-8c44-4bb1-9ddf-edfa9e9d3f65;C;-;D;E;E;D;C;D;-;B;E;E
d249fe9d-5584-4ae4-87a0-01ca5aed5b1f;-;A;E;-;A;-;C;C;D;A;E;E
8389e73c-220d-485d-aa00-4c30cf9e824f;C;B;B;-;B;D;C;B;D;B;D;-
c89cf3ee-53ae-46ce-abd3-f751e6297ea3;B;-;A;-;C;B;D;B;D;E;D;D
5a716797-fa63-4224-9ad2-80ab025e1422;D;B;E;D;A;E;B;D;-;E;D;E
8c065e2c-6160-424b-8427-3843e6ad259d;B;B;-;D;-;D;B;C;A;D;E;D
f6d56191-6dd5-4886-a9d1-f1f64e346c26;B;C;C;E;B;E;-;C;-;-;B;A
d9e40e78-3564-486e-8abb-dab6b4e207b3;A;-;B;A;D;-;A;E;B;A;D;D
fdd7c5cc-5563-43bb-857e-006589642b80;A;-;B;D;A;E;-;E;-;D;-;D
1ef15974-bbc9-4b0d-8c67-4080018cd578;-;-;C;-;D;A;-;B;A;D;E;-
19000b3a-f219-49d6-97ac-6c575d1c4669;E;A;A;B;D;C;C;B;A;B;C;C
93f3839b-8e7a-4007-8811-ab31df49a2c8;-;B;B;D;D;-;C;E;-;E;B;D
7ca99d20-69ae-41ea-a632-f389223b6793;E;-;A;C;A;-;E;D;B;A;B;B
005db412-d1c6-44ff-9cc4-ef572473a3e7;B;D;C;D;E;D;-;E;C;C;-;A
71423347-830d-4382-bc45-2b5b869946aa;A;C;-;-;D;E;D;E;D;C;A;E
ef2d28fc-5cb7-4b2a-96c2-5f1526e46c6a;E;C;A;-;A;D;E;B;D;E;C;B
95d0f178-fa4f-45a0-b8a4-8d144ea9df93;C;C;C;D;E;B;E;E;D;B;B;B
33d85836-21a9-4b24-95be-5f7f7ca492cd;C;A;D;D;A;E;E;B;A;B;D;D
a835951e-263b-4c68-9cb4-743a188cc5c3;A;B;A;D;B;C;-;C;E;A;D;B
6c119b3f-f640-4a8f-8743-0c152846b231;D;E;C;A;B;E;D;E;-;C;-;B
9f6fc6f7-bf35-4a8b-bd16-31c3dfd9650d;E;D;B;A;A;B;-;C;D;E;B;D
7d02ca07-2498-400b-ba0f-466c0b46183e;-;B;D;A;C;-;D;D;-;C;-;E
4fd87d7a-3ede-4c73-8538-76706acdfc4f;B;E;B;A;A;B;D;C;A;B;-;-
6385b012-8d8e-46a3-8e9a-6febcb7ddc29;A;C;D;-;C;E;-;A;B;-;A;B
fd102229-87d9-4528-a88c-a891c71d55fa;C;D;C;B;A;A;E;D;C;D;A;E
4cd7bca8-e852-4148-8e20-5b14b8472bd0;E;C;C;B;-;A;C;E;E;B;E;A
7a27ce47-e318-4921-aa57-d670339e8090;-;A;B;E;E;E;A;C;B;E;A;B
ed0a41cc-4b78-4805-89cb-02f696dfd843;A;A;E;E;D;E;A;C;E;B;-;B
ee3bc5b8-fb15-4037-a55f-ab424132f3d9;B;E;B;C;E;D;E;A;A;C;D;D
0c8a80b5-a547-4266-a891-c426aec70bf7;D;D;D;C;D;A;E;A;C;A;B;D
d1c84868-41d3-497a-bd9e-36b04f292dea;B;C;B;C;C;B;C;A;-;C;E;C
fbf72211-0b2d-4984-a644-6a61918b3133;C;B;D;C;A;C;D;C;C;-;D;D
733aee0f-9379-4f7e-8a97-4572633466e7;C;C;B;E;-;-;A;D;D;B;A;D
e119d991-b09d-47fa-bb2c-d2eaba62a560;-;A;-;C;D;C;B;B;B;C;A;E
94ac1c73-b6ba-4113-820b-46882ff18787;D;A;C;-;A;A;D;A;D;E;D;D
8cfc9b54-f7c6-4053-9dbf-dc7e040141da;D;D;E;D;E;B;B;-;D;C;B;A
6159a615-8d4c-4860-8f44-a451616c36ba;E;A;C;E;-;C;A;B;B;C;-;E
549a832f-5790-4f83-9c9f-21896497af00;D;E;A;A;D;A;A;B;D;B;D;B
8bbe0fbc-b13b-4b2d-b002-a2934e6332ba;A;D;D;E;D;B;D;C;D;A;-;C
1357a905-c7c5-40f1-966a-fad9c635276f;-;C;D;C;-;A;C;-;D;E;C;A
a8625e6e-78b2-4ac1-ad29-069caba42499;C;-;D;-;C;A;-;E;A;E;E;-
7e599a92-373d-4c94-99ff-d657fd659313;D;D;-;D;D;E;A;C;D;A;A;B
cce1f92b-3f9a-43d5-a718-6a6ce2695e90;E;-;B;-;C;C;-;B;D;C;-;D
dcb80c6d-df0b-4827-b77e-1dff04f27eb9;C;A;B;D;D;C;C;E;A;-;E;D
7293ad72-4267-408b-a0b8-5cb6f7997cb4;B;D;-;C;B;C;B;B;E;D;B;C
69d6a788-34ed-4005-9e9f-615d092de62f;A;D;E;-;E;-;D;D;E;A;E;A
778684ee-c5da-4ec3-a17c-a458c0855500;A;C;C;D;C;B;D;A;C;B;C;C
21b12eb3-6fc3-47f6-ac06-978d46aa1aca;E;C;C;D;-;C;-;A;A;C;A;D
363c2e46-f1cd-40c7-8038-e0282db5c083;B;B;A;A;A;B;A;C;B;E;-;D
8762e59b-7cd0-4d9c-8341-fe822eabf9e4;-;C;E;-;D;C;-;-;A;A;B;B
36c1e9e0-72b8-4fe4-b8b8-2626f07e0d37;A;A;E;E;E;-;A;D;-;A;D;A
ba4a2443-0154-4ac5-aa71-1a0c2b2836a1;A;A;B;E;D;D;D;A;D;-;E;-
35ef0aaa-8568-40b7-93d4-e1f966b81bd6;A;C;A;E;-;D;A;E;B;B;-;E
013770dc-caf3-4959-8e53-e8fc4b88ae21;-;B;A;A;D;A;A;E;C;C;A;B
ce4b8109-ccea-41cd-aff9-bddfca98ffb8;C;B;E;E;E;-;-;E;A;D;B;-
12b11326-ec4b-4938-a661-c62a92b1f498;D;B;D;D;E;A;-;E;A;B;C;B
29239c2f-10a4-4853-b43e-8bc37aaad0c0;A;E;-;A;-;C;E;-;-;B;B;E
e3f988f5-82f0-40b9-84b1-47a12e1f83b4;A;-;B;D;B;C;B;-;B;B;C;D
e5701c45-a7fb-4412-891a-78cc110ffd49;A;B;E;D;-;E;B;E;D;E;E;C
305440f9-2261-4c36-a664-bc2f12899282;-;B;C;B;-;E;E;A;-;D;E;-
3653aa07-086a-4b0f-9ec8-b8f75ebce5f4;E;-;E;D;C;A;D;E;B;C;E;B
c1086c7e-7884-4ae0-b064-f5f2bca9c6bc;D;D;E;A;B;B;D;C;B;D;E;E
2ecfc192-621f-47fd-8cad-8078695a0455;B;E;C;E;B;A;E;E;-;D;E;A
659393aa-cd65-4764-8463-d3229d5a72aa;C;-;C;D;C;D;A;C;C;-;D;C
e09733d9-2cf1-447a-bac1-b1144c53db0d;D;A;E;E;B;-;E;E;A;D;B;C
62c8e00d-5965-45b3-87fe-dd0fda8c2713;-;-;B;-;D;B;C;E;D;E;E;B
61594dde-8e66-4bbb-87ef-481516dafd2e;D;A;D;D;A;D;D;B;C;C;-;B
e86f215d-864c-45fa-b403-325834c33948;D;C;-;A;D;C;B;D;-;B;A;D
867df7ae-ec7e-4b53-9566-c5304c04019c;A;C;-;D;-;A;D;A;-;C;C;A
fa1e1219-08d7-462f-b33f-0589d584e852;B;B;A;D;B;C;-;-;A;B;A;B
66009765-15d3-4d12-88d3-a8428281f6c2;-;B;D;B;C;D;A;D;C;D;D;D
684ba7dc-1d2e-4a6b-a86c-51b8c76931bd;C;D;E;-;A;B;A;D;B;E;E;B
b15d6671-9781-4559-90af-908593ee85fb;-;E;A;D;A;-;E;B;E;C;A;A
91cddfbc-e778-4b83-8ebe-5157c174280f;C;D;B;A;A;E;E;-;-;D;C;-
48de0dd7-2517-41d1-b78c-4e7234b1eb81;D;E;A;E;B;-;B;C;B;D;C;-
15cc2fe0-891b-4027-91b3-d41603d08b26;E;E;D;B;B;B;C;B;D;E;B;C
06c809f0-87a6-4184-9cf6-c09676b245be;A;E;E;-;-;C;D;B;D;A;C;E
124d3a50-68a0-49b0-add6-0c05705242f4;B;C;-;E;D;D;A;B;A;-;D;C
caeaff24-50ad-4a55-8bc0-c4ee83fad073;E;A;D;A;C;E;A;D;E;D;A;-
6f841534-1805-4fb2-813a-2c20840fd4bf;A;-;B;D;D;C;A;C;C;A;A;E
d58876e4-68ee-43e2-9862-c4a724715e66;E;C;-;E;A;B;C;C;C;B;A;B
d0d72e3b-a9fc-4d08-ae49-514c9037a50d;-;D;E;E;-;-;D;E;D;C;D;-
f0897321-6a3b-46d4-88fd-eba283d97c77;E;E;B;D;B;-;-;D;E;C;-;C
af7b9ff2-9713-4641-8c69-092344828c8c;A;E;-;A;-;C;B;D;E;-;-;C
784bd272-2e5b-47ad-9dd8-4ba36cba4b3e;E;B;-;E;A;D;E;E;-;-;E;-
ed57a578-f413-456d-abd8-9c07f8f566e0;C;D;B;-;E;C;E;B;-;B;E;D
88336643-df85-4127-bb1f-066765b7765f;C;A;E;E;-;C;E;E;C;-;C;B
f6925469-3a51-4f97-9f7f-153e5c38f24c;A;D;E;-;D;D;B;B;-;B;B;D
2e387f7a-cccd-4768-91df-2ffc5a830537;A;E;C;D;-;A;D;E;B;B;A;C
38570bc2-7807-4ed3-9a29-32f594c94dd5;D;-;-;-;A;C;-;B;B;B;C;B
1f77d615-342d-48c3-b0e8-f90fcbaa74ad;-;-;A;A;E;A;D;A;B;D;C;B
2cb8999f-22be-49f7-a791-0a95d04e7423;B;C;A;-;D;B;E;C;D;E;-;-
92258ecb-17c2-40fc-bbca-392e86ccb25d;A;D;-;B;A;D;B;B;C;C;D;A
93dd985d-6b53-45df-a408-a2cd4c8fe8ea;E;E;-;C;-;E;-;D;A;-;E;B
af47bde3-0dac-40f2-9919-10a6827dea3e;E;B;E;A;D;C;-;C;D;C;A;E
581d77e5-8059-4f3a-8cc9-e1f050a8d1bd;D;D;B;B;C;E;B;B;E;B;A;A
edb4e7c1-a3ae-4f19-8e91-380e9c655f47;C;C;D;-;E;D;B;E;B;B;E;E
34f4c9fb-28bf-472b-94b9-8bf25a87eaee;B;A;B;B;D;-;A;D;E;E;C;C
627896a3-913e-4284-8feb-26873f615d21;A;A;-;C;B;-;A;D;D;A;E;C
76432da8-9b84-4c52-ac7f-86ad0b085248;-;-;C;-;-;E;D;E;D;A;A;E
89809548-8dfa-4765-8119-9988e730c5e6;D;B;B;E;D;A;B;B;A;-;-;E
45e7e400-00b5-4857-a46a-d9af7319846c;C;B;E;E;D;E;D;C;D;-;B;B
4c299c5a-896d-4db7-9f4d-2ec9e94bef46;B;A;-;D;B;B;E;B;C;A;A;-
92887537-65ba-4f6c-97ec-bd1f16b84b0c;A;-;-;C;D;D;D;-;B;E;D;B
3f7d2050-7f18-47e5-9bb3-2021a0afee07;B;B;D;D;B;E;A;C;A;E;A;D
639a3ccc-668d-4e66-872f-670c7f5f9445;C;C;C;A;A;C;A;C;D;A;E;A
1ee8f75d-f26c-46db-a26c-7ff3f92fe5df;-;A;E;D;E;E;B;-;C;D;C;C
2f0be7f1-5885-4f28-b596-82eace8e8aa3;A;E;-;A;B;D;A;A;-;E;-;E
78a4d447-7474-47b8-b6b8-faf1a289ac95;A;-;D;C;E;-;D;E;B;-;-;E
d874c19a-3101-4327-bbeb-2f03c02a3e0d;D;D;-;-;B;A;C;-;-;A;D;-
e286ff2b-2978-4c31-bff1-14829c0cd7c7;B;B;B;B;E;E;D;A;C;B;-;C
ac6ab8d0-e427-4411-adb8-c4e4ce04d571;B;-;B;E;D;B;C;C;B;D;B;B
7605ca3a-76c6-4890-9f42-5b3ba1e00a5a;D;-;B;A;B;D;A;B;-;B;D;E
56c75eab-6a81-4436-b8fc-8794b57f4662;A;D;C;D;C;C;D;-;C;C;A;D
59bd0545-7742-4c80-ac53-30e077c7c451;C;C;-;D;-;D;E;A;C;C;A;C
3bf840ce-30f1-4076-b34e-ac4e9ad90d62;C;B;C;E;C;A;C;-;A;A;-;-
ae1302f3-3c64-4f66-8084-4c63d188fbb5;D;B;C;B;D;B;C;E;A;B;A;-
2ea93a92-687c-4f4e-b7b8-e72d8fb4d916;D;A;E;A;E;A;C;D;C;-;D;E
9d12c863-4acb-4939-a0a0-8f2905367fef;A;C;A;B;A;D;-;-;E;A;D;E
de9e4e67-fd77-4f57-bffc-871702a9f4d8;A;D;E;D;C;A;C;B;A;A;D;E
74873b35-a49a-4596-8e30-d12faf5af922;E;A;-;-;D;E;A;B;E;-;-;E
3cffcc6f-1de8-4e44-b7b3-b1bf0bf84db4;B;D;E;A;C;-;B;E;B;A;D;D
8af7d247-5717-4c99-a159-694e7bcbadd6;D;E;A;D;A;B;B;-;A;E;D;C
ae0789c2-50f1-4dc1-9be7-71de42b569bd;E;B;A;D;C;C;-;C;D;B;-;E
f45669bc-694b-484f-ac61-b87f5d97df3b;C;C;-;D;-;D;B;D;E;B;A;A
a3f4532c-3996-4c7d-a147-6d5b76bce16d;B;A;D;C;-;C;C;-;D;D;E;-
ca25ccf0-d41d-4499-8870-8b4f2d01c27b;-;E;A;A;C;E;C;C;D;D;D;C
905c3ef3-b1f9-49c9-af79-f1316128a54e;A;D;D;D;A;A;E;C;D;-;D;C
ee01e718-807d-4574-a00b-bd96b1bd96b0;-;B;B;A;B;B;E;D;D;D;B;A
773ad272-9042-4e97-b4a9-748e2ee17fb6;C;E;E;D;C;D;B;C;-;-;B;A
9b01f0aa-d125-4201-a11a-db054adfdf9e;A;E;D;B;D;-;B;-;D;-;B;-
31aee7b0-1f59-45e6-bfa6-1dba6191aa06;A;-;A;D;B;E;A;E;B;E;C;D
05b0d125-5ca0-4a67-9fe0-fd1c9791fb7f;E;C;E;D;B;A;B;-;B;D;-;-
c6ad7bb9-ce66-4445-99ee-0f899a8b6ac1;-;-;B;-;B;E;C;D;D;C;-;C
944c933d-1281-4b07-b317-aa71dafb0d51;A;A;-;D;D;C;A;-;A;A;-;D
96899c80-62f3-4529-92b1-2c8acd8e9554;E;-;D;E;D;D;A;C;A;-;E;D
978bc6d7-4316-4a48-8478-525761fd8b97;C;C;-;C;E;D;E;-;B;D;-;-
3fccfa15-83f7-472a-849d-fcac644a95a8;A;E;A;E;B;D;D;E;D;B;B;E
30fa2e91-9ac6-4238-9bf4-bdc8742960e1;C;D;E;C;E;C;-;B;B;B;A;C
a47232c7-6b35-4021-8d50-7f135a4aa7e6;B;-;A;C;A;A;C;A;C;A;B;A
2796bd81-6dce-4bec-9ef4-3067614bab04;C;-;B;E;-;E;B;E;B;C;-;D
c2c173dc-5538-490b-bfec-597688e9d752;-;D;-;-;-;B;D;E;A;B;B;A
0c91967b-c509-4116-8fa7-a309350c072b;D;B;E;-;D;B;A;E;-;E;C;A
3fcd655b-89ba-491e-9a5d-bd201d73136f;E;D;D;D;C;C;D;A;E;D;E;-
a9c308eb-0c6c-4fd3-8ab7-08827d4f5262;B;C;D;A;-;D;D;E;-;B;D;C
ef7bbb74-18ed-4576-b666-01b5d7498fb3;B;B;D;B;B;-;C;E;C;D;B;A
f94f495e-b6b5-4d35-82dd-369ce0fdd394;D;E;A;C;B;B;E;C;E;B;E;C
d2ef1acd-d914-42ad-b013-0d31e859f126;E;C;-;D;D;D;B;-;C;B;B;A
87f207c1-6bd8-4568-8cb9-2da8124d3ac3;E;C;-;E;-;E;D;D;-;-;A;-
962afe4b-512f-4886-aca5-6bf990525b34;B;A;A;B;-;E;D;D;D;D;E;-
6fac8b52-28d0-4c1a-9720-6081d5d3c401;A;C;C;A;C;B;D;A;B;B;A;B
6c12a770-e3ed-436a-b787-26ed2d14f1c8;D;D;A;A;C;B;D;D;A;B;D;-
1d82edc0-470f-4259-ae72-1a44e888cbfd;B;B;B;-;E;-;C;D;D;A;-;C
1c5f6846-86b4-4985-89a8-bccaef752bfa;B;E;B;-;A;A;A;B;A;E;E;E
54a8fdc6-28bb-45bb-83cb-04d6981f4fae;B;D;D;-;A;E;E;C;B;B;B;C
5a2338ec-5501-406a-8f9b-9d1462ec7b30;B;B;D;C;A;C;A;-;D;-;D;D
11a1894c-9c1a-423f-b740-a4be3e7da8f9;C;B;-;C;E;B;A;C;-;C;E;A
6b056fc6-850a-4cfb-a43a-4baef41c0074;D;E;B;-;A;A;C;A;A;A;A;C
b7dae660-c52b-449b-bfd0-a5194cad3f4e;D;C;D;B;D;A;E;B;E;D;-;D
f8c853d0-28db-487b-bb27-818a49ab0a98;-;-;-;D;B;A;-;C;C;C;A;B
0fc7d7ce-93de-4e04-8881-58a9994be8f3;-;D;B;E;D;A;E;E;B;C;B;D
4647b63c-d541-439b-b4d0-a42ad3c2c28b;-;E;B;A;B;C;-;A;-;D;B;C
4bb9dbec-8fa4-48e4-86db-fecc655b4b4c;C;D;C;A;-;E;E;A;A;C;D;-
611501a4-eaf4-47ad-b2ad-5a82e4e053a5;C;C;B;B;D;E;E;-;C;C;A;-
a28b86f0-9964-47e6-bd9f-10601f0e8153;A;C;-;D;D;D;E;D;B;D;D;D
bac3356e-550f-4fe7-a818-7f6c32246710;-;-;D;B;E;E;B;E;D;-;A;C
8bedf24a-57e1-47f4-854a-1283099f8d42;E;A;C;-;D;B;C;A;A;D;B;B
608f9ddb-44a4-42c4-bc1f-6ec0396b222e;A;A;D;E;-;A;-;C;D;D;E;-
e1a6405b-bd6e-4094-b672-3666c1eb95bd;D;A;E;-;D;E;C;-;C;-;E;E
9ec3579f-8b0c-4b53-a1f7-574bc74477cc;E;A;A;C;E;-;E;E;A;D;B;A
a9ed42e6-1d59-4429-ab0c-5c84711a7988;D;-;-;-;B;A;A;E;C;A;E;E
b309e126-c785-437b-8418-e7e4ede41ada;A;E;-;A;C;-;B;E;A;D;C;A
0c5dfccf-f2f4-4072-a60a-047a5e80d700;D;B;B;E;C;B;A;D;A;E;B;C
5f587f2c-ab37-4169-988f-478588622001;C;B;-;D;-;B;C;D;B;-;D;E
0e34e220-28db-4de7-8f7a-b9668f571d80;-;-;D;D;E;-;A;A;A;B;A;C
8133ca37-ee67-44c0-a661-bb17f2c14a9e;E;D;D;B;-;B;B;-;-;-;E;D
c1b2675a-a091-4e00-843d-9c9138a0647a;D;A;-;B;-;E;D;B;E;A;A;E
e31adbbf-04aa-482e-adfe-86c1063ea24d;A;-;B;-;C;D;-;A;A;E;-;C
807e63ee-9fcd-432b-958b-5e31822fe976;-;A;-;-;A;C;B;C;E;B;E;B
8aabcf47-27b6-46b7-84cb-c1f7eebdaa5e;E;C;A;-;-;-;B;-;E;E;E;C
5beab5d0-58b1-42e6-81df-f02532194ebb;E;D;B;C;A;B;E;B;-;-;E;C
99416291-e98b-4908-8379-589c70da02a9;B;A;B;-;A;C;E;C;B;E;C;E
b36398da-74f7-4395-9db6-c97659f43e55;A;C;D;C;A;-;D;C;E;-;A;-
7c3ccca5-b8b5-4c98-9ecc-6bd5a4aa7245;C;E;C;B;A;-;D;E;A;D;B;B
079944d2-4b64-4656-8193-6a316790d103;E;A;A;E;D;B;A;-;E;C;C;B
47fe43f6-0fcb-466f-9d0e-17cf54935f52;E;-;A;D;B;E;E;-;B;A;E;B
f1924a09-0873-4eca-96f1-41f444845d2b;A;C;A;A;B;A;D;B;D;B;D;-
8e12ab66-3d49-46d3-83ac-eb528a6cd44c;E;D;B;-;E;B;C;B;A;-;E;A
ae9aba01-3ed4-4551-8386-42be83c8814f;-;A;C;C;B;E;D;B;E;E;D;A
91e43899-da78-43d5-b812-67ecc06c665a;-;E;-;D;A;D;E;-;A;D;-;B
15ac8a6c-c092-481c-bb35-d6b4a0b33663;-;-;E;A;E;-;E;-;B;-;-;E
28d0aa8d-9995-4771-b867-7f7eee17ae45;D;C;D;E;E;-;D;C;D;-;A;-
f5696e67-405b-47b1-ac9b-cb14cd7b3e8f;A;A;C;C;-;A;A;D;A;C;C;A
d396b1a7-a169-4727-8bc7-0bf30cc70984;-;C;B;B;-;-;B;C;B;C;B;D
8fdcf0a9-3c7b-4d11-bcbd-150076be4650;-;D;-;D;-;B;D;-;B;C;B;D
4e8f8527-1c3c-424a-a5a9-3c557bcfeef4;D;D;-;E;E;-;A;A;E;-;-;-
9f6a120f-04ba-45a1-b1c6-d99acac5a97a;E;A;E;A;E;-;A;E;D;D;D;D
329deb8b-0d04-4e2d-9796-0d4f9aa55c0f;A;A;E;A;B;-;C;A;A;-;B;D
daa0ceb0-0f0b-4ea1-ab85-cca10cf379e6;E;E;B;C;D;A;A;-;E;C;-;C
218e98ca-9803-4ff0-bc88-2646e8c618b8;A;D;C;A;B;D;B;C;D;-;C;A
576915f7-6e7d-40c6-acd3-3babe1a64690;-;D;B;B;C;C;A;C;E;A;A;C
a6262918-c7b0-4781-b2c3-ff917e1c3823;-;A;D;B;D;B;D;D;A;E;D;E
537462c7-ea8d-4acb-a941-5300c366be2e;E;B;D;D;C;-;E;B;E;B;E;-
8f96ecfe-8bf4-4978-be2d-e4089d7647f8;E;B;D;A;C;D;-;-;C;B;B;D
b83f06e3-3b80-4445-bb4c-a078794e9d19;A;A;C;-;C;A;C;C;-;D;C;A
ad628f8d-69f3-48ec-b6cf-18fd8eaead87;C;C;C;E;B;-;E;E;-;A;D;E
cc482905-7581-4884-b206-950e879bde43;-;-;A;D;B;D;-;-;B;B;C;C
ec403e6d-00ab-4b07-89d6-511c3c060eb1;A;E;A;B;-;D;B;B;-;C;A;C
00734de2-0f82-47f7-be0d-78622a1d5d5e;A;-;E;B;D;B;A;E;D;B;B;A
8691a98d-fb85-4fdf-b316-5a153b2fa4fc;A;-;-;-;C;A;D;D;C;E;-;A
efa2dd0d-df00-47f4-a0a7-977013677ec4;D;D;C;A;-;E;-;C;E;B;A;C
018de25e-0e08-4be0-b42e-e958dca1fbcc;B;C;E;-;-;B;-;D;A;C;-;B
ae9164c9-2305-423a-9802-6fdf0e966078;E;A;A;A;-;-;A;-;E;A;D;E
b815a8e9-15e7-4298-8e02-dbbada4de3c4;C;C;A;B;-;D;E;D;E;B;E;A
79a355f6-e0b0-4b5d-81e3-417750efa2b4;B;B;-;A;-;E;C;B;C;D;E;D
99f02981-ba0b-41aa-b9cc-71622bca5118;-;C;-;-;-;E;B;-;-;D;-;-
ebf1f4d4-e3f2-4665-9e50-9197e805ccb9;E;A;-;B;E;D;D;E;C;B;B;B
99ff3f23-50b2-4778-b2a8-0813c1f8fbf5;-;A;C;-;E;-;B;-;-;C;A;D
a564ecd1-8148-4380-ba0e-3283bcd202ff;B;D;C;-;E;C;D;E;D;C;D;A
a66bafda-5d8e-41cf-ab58-df571635a83a;A;E;D;D;A;B;B;B;A;B;C;D
c59ecda9-f9c5-4cf8-afea-5f74064313cf;D;E;D;E;A;-;-;C;-;B;A;D
1927ab72-f255-40e5-998e-63fb92bdb9fd;E;D;A;D;-;B;A;E;E;-;E;-
d1b963c3-0106-4f2b-a829-df14675f48db;E;D;C;E;A;E;B;-;-;C;C;C
b5b88971-c47b-4b15-ad7c-e18787b9b5bf;E;E;C;C;E;A;E;B;-;B;E;A
2cfb0021-7773-4ef1-9318-9e3da0ff3468;B;-;B;B;E;-;B;A;-;B;B;A
fb5297ba-f544-482b-9fcd-f71ba14d8e76;-;E;B;-;-;B;-;D;C;-;D;A
6076d9b7-f860-465f-81b5-387383d1b222;C;-;B;-;-;D;-;B;A;C;-;D
7a00091f-0da6-41f9-bff9-7efc47aefb75;E;C;B;B;C;A;A;C;D;C;D;A
a37f4539-ea93-434f-8291-7c75c6fa7601;E;B;D;A;B;A;A;D;A;A;-;A
7e5c5aac-867b-441d-a4b7-dac7a3906c46;D;A;B;E;-;B;C;D;E;D;D;A
4d97e8b9-ce2c-48b2-8fee-abd844a969ab;A;A;B;A;A;E;B;C;D;D;E;D
82b06232-3ed0-4cdc-9cf8-028107cab83a;B;E;B;-;A;-;A;A;D;-;A;E
c5a2a17f-318b-4967-b4d8-5550e2331eb5;-;A;C;E;E;C;-;-;C;B;C;E
c608b92b-112b-4268-95bd-b55622568b5c;A;B;A;D;C;-;D;A;A;C;C;D
431ac026-22ae-40ab-bcb0-ecc031442a7b;D;E;-;B;C;-;E;A;-;-;-;A
b1d56d33-8e75-461b-a77d-fbd14b120cd0;A;-;-;D;-;B;C;A;-;C;-;C
a03562a8-df64-4f6b-922a-b3c52b24aa2c;A;D;A;A;A;A;C;B;B;B;-;E
eb800929-c4df-4d15-b80e-60f8922154c7;E;B;D;D;C;A;A;B;E;D;C;D
1f1bfda9-f139-4545-923e-0cae7f1917d5;C;C;A;B;A;C;A;E;A;-;-;-
d17b4000-1ea7-458e-805a-1dfb013969ed;D;D;B;E;-;-;E;B;B;-;B;B
9946c26b-2de8-4808-aa0b-2f48eddd569e;-;B;A;D;C;-;-;C;E;D;A;-
756cea3e-dd1a-4772-a177-5ecd93857121;-;E;-;E;B;-;B;C;-;C;E;B
64a93953-e6b5-461b-be69-266ee0021ee7;A;C;C;C;D;E;-;-;D;B;-;E
030ccbc4-6351-42e2-9864-be63e2706ac1;A;-;-;B;E;C;E;E;D;B;D;E
9b7d9657-97d7-45c7-b3f2-43d93f370bae;B;A;C;B;C;E;E;D;B;A;A;D
342723fe-d487-43dc-8231-337ecf211db9;B;-;-;C;D;C;C;D;E;E;E;E
d7a90ea1-b5c4-4f52-af9a-4a59101e74f6;-;D;B;D;E;D;B;C;A;A;-;E
27a2f250-9480-4807-a9eb-330816890634;B;A;-;D;A;B;C;-;D;E;A;E
89468975-7a9c-4322-a65b-4e810955d4b7;-;A;D;C;C;B;C;-;D;C;E;A
53202a96-8c7c-4750-850f-125b62acb29d;D;B;D;E;-;-;E;-;-;D;B;B
9e72c5ad-0bd0-48d7-8209-bde485e7b9d5;B;-;C;B;C;A;-;C;E;D;C;D
f8c2b41f-41af-47de-9a26-f09bd45f277c;D;-;-;D;B;-;D;-;A;E;A;-
6001a7c9-a77e-40b1-9227-1eefd440e423;E;-;B;E;E;-;D;C;D;-;-;C
5488a139-8145-43d3-96b9-4299b24e2090;D;D;C;-;A;D;A;D;-;D;C;-
a46ae124-71d5-444d-8e90-1512761b3325;D;-;C;D;A;E;C;B;D;C;D;E
4e166579-181a-4019-acc1-a920199dba57;-;B;C;A;D;-;B;E;C;C;D;D
c987aa39-08f9-46b5-8084-cd918030ecf5;E;A;D;C;-;C;-;A;E;E;-;A
98ecf7cc-3dc3-4e57-bf93-b19954d68b2e;A;D;-;-;E;D;B;A;C;C;C;E
76158aff-72bb-4497-a20b-44786bdc899c;D;D;A;A;E;B;-;D;E;D;E;D
685faf97-fc76-4b7f-b8c4-e6f80ea07a6e;-;A;E;D;A;C;D;C;A;A;D;B
de79b1e5-44d6-45da-aeb4-963b529e681e;B;A;-;A;-;D;A;-;B;-;E;D
43ee2fff-618b-4b9b-a72b-943c2d4c5ada;C;A;D;C;-;A;B;E;C;E;D;A
911929a4-9e7a-4a60-a19f-c499cfcc81b2;C;-;D;A;A;-;D;A;D;D;B;D
1cdd373e-bff1-4e61-ab17-96f9b7f90dc6;D;B;D;D;C;-;B;B;A;A;D;C
d724b863-8875-4658-abd7-652a2577e9a8;E;D;E;-;E;-;B;A;D;D;D;A
daa28902-06a7-4688-aa09-7282b60b6020;A;-;A;-;E;E;C;E;C;C;B;B
81480b4b-5833-475b-88c9-5387903815de;B;D;D;C;E;D;E;C;E;C;E;E
8d0d9486-270b-40f3-905a-5e5e3ab0c5f2;A;A;E;A;A;B;B;A;C;D;B;C
8dd4dbde-445c-4171-a9ee-e9ee59afbe5d;C;B;E;E;B;B;E;A;B;-;B;E
f71f0146-933e-4395-9725-1fa8069bb12e;E;D;D;D;B;-;B;B;-;A;-;A
f1aa31fe-f4c6-4a42-96d9-8f7631910d89;C;B;-;A;A;D;-;E;C;B;C;D
5eb108eb-88a1-4085-8b6d-fe60d8d113ca;C;-;D;B;A;A;B;B;E;-;A;B
9a50078f-6152-47d9-b031-e605f34bd0c5;B;D;A;-;D;D;E;D;E;B;E;-
5f73f49a-7631-41fb-8798-94fe40d7aff8;A;A;C;E;A;B;E;-;D;B;B;E
2dde1e96-fd86-4ec4-81fb-ae8a6c9aeb57;B;A;D;E;D;A;B;B;D;C;E;-
5290718c-e7ae-48c3-ac7f-708b73be2f4b;C;C;-;C;B;D;-;-;-;D;B;-
6274b2e4-a5e8-42ba-8cdb-128884f24805;D;B;A;E;A;A;E;A;A;-;C;C
5c943b04-74c7-456d-935f-40c526bddc20;A;E;-;A;A;C;-;-;E;-;E;-
9e82f16e-1e98-4752-b539-83ab3c2ec50b;E;-;E;A;E;D;C;D;D;D;B;-
5062fe49-c16d-442f-ae7e-99e2e569ae0d;B;E;-;C;A;E;A;-;D;D;D;D
c456bc91-5bec-441b-8132-d7082c4e53bb;A;D;-;A;D;A;E;-;A;-;E;D
c9adf4b0-272c-4fcc-bd89-0e1e73cdaf4f;B;B;C;B;D;-;D;A;C;E;D;A
cf4a916d-8925-472e-9632-f87a6d9cc2ac;D;B;B;D;B;C;B;B;D;D;A;D
6255b88f-6a2c-42b5-9195-d94643feb1b3;A;-;D;D;A;D;B;E;D;C;E;A
667e648a-11fe-4a0a-b67e-418203c9a4b7;-;E;-;-;B;E;A;B;A;-;-;E
dc6879bc-a3d2-41be-8a70-b460488b754d;D;D;C;C;A;-;D;D;C;A;D;-
ef477b16-4715-4fc5-b757-48ce4e3a71a9;D;C;B;B;-;-;C;A;A;E;E;B
c9fa0ad9-e0e2-47b6-aff0-4b68f423a44d;C;C;A;E;C;E;C;C;-;A;D;A
c502a260-2961-4545-abce-801b30cb9efd;C;-;-;C;-;A;A;E;E;A;-;D
31e9d55e-250f-49f3-bac7-dd8825603c67;-;E;-;A;B;C;C;E;C;A;C;-
61dddcd3-ec55-421a-af59-4061cbd4d3ee;E;A;E;C;E;A;E;C;A;E;A;A
3716839d-e222-4a7b-b2be-504313121327;-;D;B;-;C;D;-;A;E;A;D;B
2e0899ba-8a81-4861-9df4-83835559540d;D;E;B;C;B;E;-;B;D;D;E;C
4b97205c-2733-4411-a16a-8bb8670a6341;A;D;B;-;A;D;A;A;C;C;B;C
b2fb4d1d-b034-4899-a4b1-37158f11eb50;B;C;C;C;E;E;E;-;B;C;-;E
db6e72d1-da29-4c61-977c-58bff293748f;C;D;-;-;A;A;A;-;B;C;D;C
a90ea8b6-e902-49f8-96cb-6aa7034094ea;D;-;A;E;B;A;B;C;C;B;C;C
3fea273a-0d14-4ee0-9c56-a13272dbf37a;D;B;E;D;A;B;-;A;B;-;B;C
a97fcb87-6b5c-47bc-828e-2954ff3935da;E;D;E;D;C;B;D;A;D;D;C;E
3718b8fa-1297-4dfc-af0e-03c42b413ad9;A;B;D;E;-;C;D;E;-;A;D;E
faef05b6-b151-4b93-b64d-ecff1608d809;-;A;C;C;D;D;-;A;E;B;E;C
9432d65b-a16e-41f0-af9c-2aa0d6296a62;-;D;D;B;D;B;E;E;C;A;-;E
48f904a9-7fa4-48dd-a265-06ca2cb8b382;E;D;E;E;B;D;D;C;B;B;A;-
c7adebfc-d273-4e30-91be-b7e97b86d887;A;A;D;B;B;C;B;E;B;-;C;-
f000de18-3da8-416c-9cf0-296673fdb12d;B;C;A;E;-;A;A;-;E;C;C;D
167bed91-aff3-42a0-abeb-d69dfebeb85f;-;-;-;C;B;-;B;-;D;E;B;B
dcc4b6e8-bf06-4ef8-9f09-ec8a58e47902;C;E;A;-;A;D;B;D;C;C;E;-
0e4b9ed4-100c-4cd0-b464-f00e84c36cf4;C;A;D;C;D;B;D;-;A;B;A;-
4e93d02e-a1fc-42eb-ba45-2b4ad052b46b;E;D;E;E;-;C;-;-;E;C;D;A
b9200be9-727d-4a56-8b4e-51a11d716512;E;E;A;A;-;D;D;A;-;B;-;A
e0debce3-0e2c-4104-ac16-a67c34b39ea3;D;C;D;A;C;A;B;D;B;-;B;-
bb9ca3b4-ffdc-4468-a323-d42a79ea43a9;E;E;D;D;B;A;D;A;D;-;D;-
4f8d30a9-5fee-4184-86ee-5d1343961d38;B;E;A;-;A;A;E;-;B;C;-;B
5e4a401f-8a31-4c78-9092-c680a0dc1846;E;D;A;-;A;E;E;E;D;C;D;B
352fe71b-4c05-4195-83a6-cf87d0f0e5d7;A;E;E;D;-;D;-;B;-;B;A;E
5ae1216b-2d5c-4d86-8bec-7da218d4c02f;-;E;A;B;A;B;-;C;A;C;D;A
5e350f7d-4581-43c5-b078-ad12205daa3c;C;E;A;D;B;C;D;C;-;C;C;-
eafd93b3-57f4-45b0-8b99-6a14ca71eb00;-;D;D;E;C;A;E;B;C;D;A;C
f9cc0fe7-4a48-4009-952d-4bdaf577e599;B;D;A;-;-;A;C;D;B;A;A;A
c5235742-fe73-41f9-bb1c-34876dc902ac;E;A;B;B;B;A;A;C;B;C;D;-
0441f0e3-652a-4f73-91ef-a31e0ddcc23e;-;B;E;E;D;E;D;B;-;C;C;E
35344b39-b8a5-4da0-b24f-45576989cf7e;D;E;E;C;D;C;A;B;C;D;A;D
7e96e5a6-2dd3-4d14-9a17-400cad7c1430;C;A;C;C;C;-;B;D;B;A;C;E
a1d35cb3-2894-4e15-a962-d8c884e0bc8d;A;C;B;E;D;C;D;A;C;-;C;D
c2d814c6-8f1f-48b2-a1f6-f7a3602a1fd2;-;C;A;E;E;B;C;C;-;C;-;E
c049b771-16ad-4f48-b010-1897f815edf9;A;A;E;C;-;-;B;C;B;D;E;B
015a30cb-55c1-4375-bb45-8eba26867b49;A;C;C;D;E;C;B;E;B;D;B;D
511620fd-33bc-4d44-89c3-00b0aaee39de;-;-;E;-;C;D;C;C;D;A;D;D
17cd893d-2a40-4a93-a823-9c9a56fb93b3;E;E;-;E;A;A;D;-;A;E;C;D
11997ea8-5e46-4db5-b288-b553ab4d59f1;C;B;C;C;D;D;B;B;D;C;-;B
bf4298ba-b774-4892-8d93-db0d0249d86c;D;B;C;-;A;C;A;D;-;E;A;B
3048d188-da8c-4d1d-9cb2-76738345e630;D;-;D;B;C;C;-;D;E;B;B;B
1d6368bc-d8ba-4439-8c2c-a37eb5974397;A;E;-;D;C;D;D;E;-;A;E;D
5d882634-469a-4f94-96b4-2b4a8e8b290b;B;A;E;C;A;-;B;E;-;-;C;A
3e965abb-1b10-4530-bcf6-7d45b0b07ec8;A;A;D;D;D;-;C;D;B;A;B;E
db353977-42a3-47d5-aa6e-a9e1b03af57d;C;B;A;-;A;D;B;A;B;-;E;-
d2538d9b-496d-40b2-8583-669de41d5b5d;C;D;A;A;E;E;B;D;-;C;D;D
1ef20ef8-f009-4051-996c-ba6d6e832621;D;C;B;-;-;D;B;D;A;E;D;-
a7d4ebfc-08fd-4657-a014-5a4d4f6021c0;A;B;D;-;D;D;E;B;B;A;-;B
65bd3373-31a2-489e-b0a0-9614f60a043f;-;C;D;E;D;-;D;A;-;D;B;E
4fc464f3-d90f-4334-8ae5-a1e7c1c847b8;B;-;A;D;E;D;B;B;-;A;E;A
16e52712-ff51-48ae-a2aa-5ea0d335972a;D;D;-;E;E;D;C;B;A;C;A;E
d75ebffb-6c3c-47b6-9265-233ddb51c3ee;D;-;C;A;D;C;B;B;E;E;D;-
96a10609-5794-4fab-8dd0-60e3ea1daf19;B;D;C;D;D;B;C;D;C;-;-;D
95456655-15d2-4e75-8190-afb642ab89c2;D;C;-;A;C;A;A;E;-;C;E;B
c067527b-f7ed-4e29-b322-0947b68bd7f9;-;C;C;B;D;D;E;E;-;B;-;B
b0658645-e8d1-417f-99b7-2156bfc596af;B;A;B;A;D;B;C;-;B;E;A;D
058b6a99-fc27-401a-9fbe-3736442ef10e;B;A;C;C;A;A;B;A;B;-;C;E
f08e6ab1-cf53-463d-8a61-20ddbd4809ba;-;A;D;D;D;A;B;A;B;D;B;A
b2bf4f01-1f2d-42c3-8323-d00f99dc7179;E;C;E;A;D;C;A;C;E;-;D;E
